Name,links,Rating
Anand,https://www.imdb.com//title/tt0066763/?pf_rd_m=A2FGELUUNOQJNL&pf_rd_p=690bec67-3bd7-45a1-9ab4-4f274a72e602&pf_rd_r=6E1CD073S5WPG79NTW0N&pf_rd_s=center-4&pf_rd_t=60601&pf_rd_i=india.top-rated-indian-movies&ref_=fea_india_ss_toprated_tt_1,8.7
Drishyam,https://www.imdb.com//title/tt3417422/?pf_rd_m=A2FGELUUNOQJNL&pf_rd_p=690bec67-3bd7-45a1-9ab4-4f274a72e602&pf_rd_r=6E1CD073S5WPG79NTW0N&pf_rd_s=center-4&pf_rd_t=60601&pf_rd_i=india.top-rated-indian-movies&ref_=fea_india_ss_toprated_tt_2,8.6
Nayakan,https://www.imdb.com//title/tt0093603/?pf_rd_m=A2FGELUUNOQJNL&pf_rd_p=690bec67-3bd7-45a1-9ab4-4f274a72e602&pf_rd_r=6E1CD073S5WPG79NTW0N&pf_rd_s=center-4&pf_rd_t=60601&pf_rd_i=india.top-rated-indian-movies&ref_=fea_india_ss_toprated_tt_3,8.6
Uri: The Surgical Strike,https://www.imdb.com//title/tt8291224/?pf_rd_m=A2FGELUUNOQJNL&pf_rd_p=690bec67-3bd7-45a1-9ab4-4f274a72e602&pf_rd_r=6E1CD073S5WPG79NTW0N&pf_rd_s=center-4&pf_rd_t=60601&pf_rd_i=india.top-rated-indian-movies&ref_=fea_india_ss_toprated_tt_4,8.6
Anbe Sivam,https://www.imdb.com//title/tt0367495/?pf_rd_m=A2FGELUUNOQJNL&pf_rd_p=690bec67-3bd7-45a1-9ab4-4f274a72e602&pf_rd_r=6E1CD073S5WPG79NTW0N&pf_rd_s=center-4&pf_rd_t=60601&pf_rd_i=india.top-rated-indian-movies&ref_=fea_india_ss_toprated_tt_5,8.5
Gol Maal,https://www.imdb.com//title/tt0079221/?pf_rd_m=A2FGELUUNOQJNL&pf_rd_p=690bec67-3bd7-45a1-9ab4-4f274a72e602&pf_rd_r=6E1CD073S5WPG79NTW0N&pf_rd_s=center-4&pf_rd_t=60601&pf_rd_i=india.top-rated-indian-movies&ref_=fea_india_ss_toprated_tt_6,8.5
Andhadhun,https://www.imdb.com//title/tt8108198/?pf_rd_m=A2FGELUUNOQJNL&pf_rd_p=690bec67-3bd7-45a1-9ab4-4f274a72e602&pf_rd_r=6E1CD073S5WPG79NTW0N&pf_rd_s=center-4&pf_rd_t=60601&pf_rd_i=india.top-rated-indian-movies&ref_=fea_india_ss_toprated_tt_7,8.5
Vikram Vedha,https://www.imdb.com//title/tt6148156/?pf_rd_m=A2FGELUUNOQJNL&pf_rd_p=690bec67-3bd7-45a1-9ab4-4f274a72e602&pf_rd_r=6E1CD073S5WPG79NTW0N&pf_rd_s=center-4&pf_rd_t=60601&pf_rd_i=india.top-rated-indian-movies&ref_=fea_india_ss_toprated_tt_8,8.5
Black Friday,https://www.imdb.com//title/tt0400234/?pf_rd_m=A2FGELUUNOQJNL&pf_rd_p=690bec67-3bd7-45a1-9ab4-4f274a72e602&pf_rd_r=6E1CD073S5WPG79NTW0N&pf_rd_s=center-4&pf_rd_t=60601&pf_rd_i=india.top-rated-indian-movies&ref_=fea_india_ss_toprated_tt_9,8.5
Ratsasan,https://www.imdb.com//title/tt7060344/?pf_rd_m=A2FGELUUNOQJNL&pf_rd_p=690bec67-3bd7-45a1-9ab4-4f274a72e602&pf_rd_r=6E1CD073S5WPG79NTW0N&pf_rd_s=center-4&pf_rd_t=60601&pf_rd_i=india.top-rated-indian-movies&ref_=fea_india_ss_toprated_tt_10,8.4
Dangal,https://www.imdb.com//title/tt5074352/?pf_rd_m=A2FGELUUNOQJNL&pf_rd_p=690bec67-3bd7-45a1-9ab4-4f274a72e602&pf_rd_r=6E1CD073S5WPG79NTW0N&pf_rd_s=center-4&pf_rd_t=60601&pf_rd_i=india.top-rated-indian-movies&ref_=fea_india_ss_toprated_tt_11,8.4
Pather Panchali,https://www.imdb.com//title/tt0048473/?pf_rd_m=A2FGELUUNOQJNL&pf_rd_p=690bec67-3bd7-45a1-9ab4-4f274a72e602&pf_rd_r=6E1CD073S5WPG79NTW0N&pf_rd_s=center-4&pf_rd_t=60601&pf_rd_i=india.top-rated-indian-movies&ref_=fea_india_ss_toprated_tt_12,8.4
Taare Zameen Par,https://www.imdb.com//title/tt0986264/?pf_rd_m=A2FGELUUNOQJNL&pf_rd_p=690bec67-3bd7-45a1-9ab4-4f274a72e602&pf_rd_r=6E1CD073S5WPG79NTW0N&pf_rd_s=center-4&pf_rd_t=60601&pf_rd_i=india.top-rated-indian-movies&ref_=fea_india_ss_toprated_tt_13,8.4
Aruvi,https://www.imdb.com//title/tt5867800/?pf_rd_m=A2FGELUUNOQJNL&pf_rd_p=690bec67-3bd7-45a1-9ab4-4f274a72e602&pf_rd_r=6E1CD073S5WPG79NTW0N&pf_rd_s=center-4&pf_rd_t=60601&pf_rd_i=india.top-rated-indian-movies&ref_=fea_india_ss_toprated_tt_14,8.4
3 Idiots,https://www.imdb.com//title/tt1187043/?pf_rd_m=A2FGELUUNOQJNL&pf_rd_p=690bec67-3bd7-45a1-9ab4-4f274a72e602&pf_rd_r=6E1CD073S5WPG79NTW0N&pf_rd_s=center-4&pf_rd_t=60601&pf_rd_i=india.top-rated-indian-movies&ref_=fea_india_ss_toprated_tt_15,8.4
Jaane Bhi Do Yaaro,https://www.imdb.com//title/tt0085743/?pf_rd_m=A2FGELUUNOQJNL&pf_rd_p=690bec67-3bd7-45a1-9ab4-4f274a72e602&pf_rd_r=6E1CD073S5WPG79NTW0N&pf_rd_s=center-4&pf_rd_t=60601&pf_rd_i=india.top-rated-indian-movies&ref_=fea_india_ss_toprated_tt_16,8.3
96,https://www.imdb.com//title/tt7019842/?pf_rd_m=A2FGELUUNOQJNL&pf_rd_p=690bec67-3bd7-45a1-9ab4-4f274a72e602&pf_rd_r=6E1CD073S5WPG79NTW0N&pf_rd_s=center-4&pf_rd_t=60601&pf_rd_i=india.top-rated-indian-movies&ref_=fea_india_ss_toprated_tt_17,8.3
Thalapathi,https://www.imdb.com//title/tt0101649/?pf_rd_m=A2FGELUUNOQJNL&pf_rd_p=690bec67-3bd7-45a1-9ab4-4f274a72e602&pf_rd_r=6E1CD073S5WPG79NTW0N&pf_rd_s=center-4&pf_rd_t=60601&pf_rd_i=india.top-rated-indian-movies&ref_=fea_india_ss_toprated_tt_18,8.3
Manichithrathazhu,https://www.imdb.com//title/tt0214915/?pf_rd_m=A2FGELUUNOQJNL&pf_rd_p=690bec67-3bd7-45a1-9ab4-4f274a72e602&pf_rd_r=6E1CD073S5WPG79NTW0N&pf_rd_s=center-4&pf_rd_t=60601&pf_rd_i=india.top-rated-indian-movies&ref_=fea_india_ss_toprated_tt_19,8.3
Guide,https://www.imdb.com//title/tt0059246/?pf_rd_m=A2FGELUUNOQJNL&pf_rd_p=690bec67-3bd7-45a1-9ab4-4f274a72e602&pf_rd_r=6E1CD073S5WPG79NTW0N&pf_rd_s=center-4&pf_rd_t=60601&pf_rd_i=india.top-rated-indian-movies&ref_=fea_india_ss_toprated_tt_20,8.3
Chupke Chupke,https://www.imdb.com//title/tt0072783/?pf_rd_m=A2FGELUUNOQJNL&pf_rd_p=690bec67-3bd7-45a1-9ab4-4f274a72e602&pf_rd_r=6E1CD073S5WPG79NTW0N&pf_rd_s=center-4&pf_rd_t=60601&pf_rd_i=india.top-rated-indian-movies&ref_=fea_india_ss_toprated_tt_21,8.3
Thani Oruvan,https://www.imdb.com//title/tt4987556/?pf_rd_m=A2FGELUUNOQJNL&pf_rd_p=690bec67-3bd7-45a1-9ab4-4f274a72e602&pf_rd_r=6E1CD073S5WPG79NTW0N&pf_rd_s=center-4&pf_rd_t=60601&pf_rd_i=india.top-rated-indian-movies&ref_=fea_india_ss_toprated_tt_22,8.3
Kannathil Muthamittal,https://www.imdb.com//title/tt0312859/?pf_rd_m=A2FGELUUNOQJNL&pf_rd_p=690bec67-3bd7-45a1-9ab4-4f274a72e602&pf_rd_r=6E1CD073S5WPG79NTW0N&pf_rd_s=center-4&pf_rd_t=60601&pf_rd_i=india.top-rated-indian-movies&ref_=fea_india_ss_toprated_tt_23,8.2
Khosla Ka Ghosla!,https://www.imdb.com//title/tt0466460/?pf_rd_m=A2FGELUUNOQJNL&pf_rd_p=690bec67-3bd7-45a1-9ab4-4f274a72e602&pf_rd_r=6E1CD073S5WPG79NTW0N&pf_rd_s=center-4&pf_rd_t=60601&pf_rd_i=india.top-rated-indian-movies&ref_=fea_india_ss_toprated_tt_24,8.2
Apur Sansar,https://www.imdb.com//title/tt0052572/?pf_rd_m=A2FGELUUNOQJNL&pf_rd_p=690bec67-3bd7-45a1-9ab4-4f274a72e602&pf_rd_r=6E1CD073S5WPG79NTW0N&pf_rd_s=center-4&pf_rd_t=60601&pf_rd_i=india.top-rated-indian-movies&ref_=fea_india_ss_toprated_tt_25,8.2
Dhuruvangal Pathinaaru,https://www.imdb.com//title/tt6380520/?pf_rd_m=A2FGELUUNOQJNL&pf_rd_p=690bec67-3bd7-45a1-9ab4-4f274a72e602&pf_rd_r=6E1CD073S5WPG79NTW0N&pf_rd_s=center-4&pf_rd_t=60601&pf_rd_i=india.top-rated-indian-movies&ref_=fea_india_ss_toprated_tt_26,8.2
Vada Chennai,https://www.imdb.com//title/tt5959980/?pf_rd_m=A2FGELUUNOQJNL&pf_rd_p=690bec67-3bd7-45a1-9ab4-4f274a72e602&pf_rd_r=6E1CD073S5WPG79NTW0N&pf_rd_s=center-4&pf_rd_t=60601&pf_rd_i=india.top-rated-indian-movies&ref_=fea_india_ss_toprated_tt_27,8.2
Talvar,https://www.imdb.com//title/tt4934950/?pf_rd_m=A2FGELUUNOQJNL&pf_rd_p=690bec67-3bd7-45a1-9ab4-4f274a72e602&pf_rd_r=6E1CD073S5WPG79NTW0N&pf_rd_s=center-4&pf_rd_t=60601&pf_rd_i=india.top-rated-indian-movies&ref_=fea_india_ss_toprated_tt_28,8.2
Shahid,https://www.imdb.com//title/tt2181831/?pf_rd_m=A2FGELUUNOQJNL&pf_rd_p=690bec67-3bd7-45a1-9ab4-4f274a72e602&pf_rd_r=6E1CD073S5WPG79NTW0N&pf_rd_s=center-4&pf_rd_t=60601&pf_rd_i=india.top-rated-indian-movies&ref_=fea_india_ss_toprated_tt_29,8.2
Drishyam,https://www.imdb.com//title/tt4430212/?pf_rd_m=A2FGELUUNOQJNL&pf_rd_p=690bec67-3bd7-45a1-9ab4-4f274a72e602&pf_rd_r=6E1CD073S5WPG79NTW0N&pf_rd_s=center-4&pf_rd_t=60601&pf_rd_i=india.top-rated-indian-movies&ref_=fea_india_ss_toprated_tt_30,8.2
Mughal-E-Azam,https://www.imdb.com//title/tt0054098/?pf_rd_m=A2FGELUUNOQJNL&pf_rd_p=690bec67-3bd7-45a1-9ab4-4f274a72e602&pf_rd_r=6E1CD073S5WPG79NTW0N&pf_rd_s=center-4&pf_rd_t=60601&pf_rd_i=india.top-rated-indian-movies&ref_=fea_india_ss_toprated_tt_31,8.2
Aparajito,https://www.imdb.com//title/tt0048956/?pf_rd_m=A2FGELUUNOQJNL&pf_rd_p=690bec67-3bd7-45a1-9ab4-4f274a72e602&pf_rd_r=6E1CD073S5WPG79NTW0N&pf_rd_s=center-4&pf_rd_t=60601&pf_rd_i=india.top-rated-indian-movies&ref_=fea_india_ss_toprated_tt_32,8.2
Black,https://www.imdb.com//title/tt0375611/?pf_rd_m=A2FGELUUNOQJNL&pf_rd_p=690bec67-3bd7-45a1-9ab4-4f274a72e602&pf_rd_r=6E1CD073S5WPG79NTW0N&pf_rd_s=center-4&pf_rd_t=60601&pf_rd_i=india.top-rated-indian-movies&ref_=fea_india_ss_toprated_tt_33,8.2
Rang De Basanti,https://www.imdb.com//title/tt0405508/?pf_rd_m=A2FGELUUNOQJNL&pf_rd_p=690bec67-3bd7-45a1-9ab4-4f274a72e602&pf_rd_r=6E1CD073S5WPG79NTW0N&pf_rd_s=center-4&pf_rd_t=60601&pf_rd_i=india.top-rated-indian-movies&ref_=fea_india_ss_toprated_tt_34,8.2
Paan Singh Tomar,https://www.imdb.com//title/tt1620933/?pf_rd_m=A2FGELUUNOQJNL&pf_rd_p=690bec67-3bd7-45a1-9ab4-4f274a72e602&pf_rd_r=6E1CD073S5WPG79NTW0N&pf_rd_s=center-4&pf_rd_t=60601&pf_rd_i=india.top-rated-indian-movies&ref_=fea_india_ss_toprated_tt_35,8.1
Hera Pheri,https://www.imdb.com//title/tt0242519/?pf_rd_m=A2FGELUUNOQJNL&pf_rd_p=690bec67-3bd7-45a1-9ab4-4f274a72e602&pf_rd_r=6E1CD073S5WPG79NTW0N&pf_rd_s=center-4&pf_rd_t=60601&pf_rd_i=india.top-rated-indian-movies&ref_=fea_india_ss_toprated_tt_36,8.1
Jigarthanda,https://www.imdb.com//title/tt3569782/?pf_rd_m=A2FGELUUNOQJNL&pf_rd_p=690bec67-3bd7-45a1-9ab4-4f274a72e602&pf_rd_r=6E1CD073S5WPG79NTW0N&pf_rd_s=center-4&pf_rd_t=60601&pf_rd_i=india.top-rated-indian-movies&ref_=fea_india_ss_toprated_tt_37,8.1
Mahanati,https://www.imdb.com//title/tt7465992/?pf_rd_m=A2FGELUUNOQJNL&pf_rd_p=690bec67-3bd7-45a1-9ab4-4f274a72e602&pf_rd_r=6E1CD073S5WPG79NTW0N&pf_rd_s=center-4&pf_rd_t=60601&pf_rd_i=india.top-rated-indian-movies&ref_=fea_india_ss_toprated_tt_38,8.1
Satya,https://www.imdb.com//title/tt0195231/?pf_rd_m=A2FGELUUNOQJNL&pf_rd_p=690bec67-3bd7-45a1-9ab4-4f274a72e602&pf_rd_r=6E1CD073S5WPG79NTW0N&pf_rd_s=center-4&pf_rd_t=60601&pf_rd_i=india.top-rated-indian-movies&ref_=fea_india_ss_toprated_tt_39,8.1
Bhaag Milkha Bhaag,https://www.imdb.com//title/tt2356180/?pf_rd_m=A2FGELUUNOQJNL&pf_rd_p=690bec67-3bd7-45a1-9ab4-4f274a72e602&pf_rd_r=6E1CD073S5WPG79NTW0N&pf_rd_s=center-4&pf_rd_t=60601&pf_rd_i=india.top-rated-indian-movies&ref_=fea_india_ss_toprated_tt_40,8.1
Jo Jeeta Wohi Sikandar,https://www.imdb.com//title/tt0104561/?pf_rd_m=A2FGELUUNOQJNL&pf_rd_p=690bec67-3bd7-45a1-9ab4-4f274a72e602&pf_rd_r=6E1CD073S5WPG79NTW0N&pf_rd_s=center-4&pf_rd_t=60601&pf_rd_i=india.top-rated-indian-movies&ref_=fea_india_ss_toprated_tt_41,8.1
Queen,https://www.imdb.com//title/tt3322420/?pf_rd_m=A2FGELUUNOQJNL&pf_rd_p=690bec67-3bd7-45a1-9ab4-4f274a72e602&pf_rd_r=6E1CD073S5WPG79NTW0N&pf_rd_s=center-4&pf_rd_t=60601&pf_rd_i=india.top-rated-indian-movies&ref_=fea_india_ss_toprated_tt_42,8.1
OMG: Oh My God!,https://www.imdb.com//title/tt2283748/?pf_rd_m=A2FGELUUNOQJNL&pf_rd_p=690bec67-3bd7-45a1-9ab4-4f274a72e602&pf_rd_r=6E1CD073S5WPG79NTW0N&pf_rd_s=center-4&pf_rd_t=60601&pf_rd_i=india.top-rated-indian-movies&ref_=fea_india_ss_toprated_tt_43,8.1
Soodhu Kavvum,https://www.imdb.com//title/tt2877108/?pf_rd_m=A2FGELUUNOQJNL&pf_rd_p=690bec67-3bd7-45a1-9ab4-4f274a72e602&pf_rd_r=6E1CD073S5WPG79NTW0N&pf_rd_s=center-4&pf_rd_t=60601&pf_rd_i=india.top-rated-indian-movies&ref_=fea_india_ss_toprated_tt_44,8.1
Gangs of Wasseypur,https://www.imdb.com//title/tt1954470/?pf_rd_m=A2FGELUUNOQJNL&pf_rd_p=690bec67-3bd7-45a1-9ab4-4f274a72e602&pf_rd_r=6E1CD073S5WPG79NTW0N&pf_rd_s=center-4&pf_rd_t=60601&pf_rd_i=india.top-rated-indian-movies&ref_=fea_india_ss_toprated_tt_45,8.1
Sholay,https://www.imdb.com//title/tt0073707/?pf_rd_m=A2FGELUUNOQJNL&pf_rd_p=690bec67-3bd7-45a1-9ab4-4f274a72e602&pf_rd_r=6E1CD073S5WPG79NTW0N&pf_rd_s=center-4&pf_rd_t=60601&pf_rd_i=india.top-rated-indian-movies&ref_=fea_india_ss_toprated_tt_46,8.1
"Swades: We, the People",https://www.imdb.com//title/tt0367110/?pf_rd_m=A2FGELUUNOQJNL&pf_rd_p=690bec67-3bd7-45a1-9ab4-4f274a72e602&pf_rd_r=6E1CD073S5WPG79NTW0N&pf_rd_s=center-4&pf_rd_t=60601&pf_rd_i=india.top-rated-indian-movies&ref_=fea_india_ss_toprated_tt_47,8.1
Sairat,https://www.imdb.com//title/tt5312232/?pf_rd_m=A2FGELUUNOQJNL&pf_rd_p=690bec67-3bd7-45a1-9ab4-4f274a72e602&pf_rd_r=6E1CD073S5WPG79NTW0N&pf_rd_s=center-4&pf_rd_t=60601&pf_rd_i=india.top-rated-indian-movies&ref_=fea_india_ss_toprated_tt_48,8.1
Chak De! India,https://www.imdb.com//title/tt0871510/?pf_rd_m=A2FGELUUNOQJNL&pf_rd_p=690bec67-3bd7-45a1-9ab4-4f274a72e602&pf_rd_r=6E1CD073S5WPG79NTW0N&pf_rd_s=center-4&pf_rd_t=60601&pf_rd_i=india.top-rated-indian-movies&ref_=fea_india_ss_toprated_tt_49,8.1
Premam,https://www.imdb.com//title/tt4679210/?pf_rd_m=A2FGELUUNOQJNL&pf_rd_p=690bec67-3bd7-45a1-9ab4-4f274a72e602&pf_rd_r=6E1CD073S5WPG79NTW0N&pf_rd_s=center-4&pf_rd_t=60601&pf_rd_i=india.top-rated-indian-movies&ref_=fea_india_ss_toprated_tt_50,8.1
Tumbbad,https://www.imdb.com//title/tt8239946/?pf_rd_m=A2FGELUUNOQJNL&pf_rd_p=690bec67-3bd7-45a1-9ab4-4f274a72e602&pf_rd_r=6E1CD073S5WPG79NTW0N&pf_rd_s=center-4&pf_rd_t=60601&pf_rd_i=india.top-rated-indian-movies&ref_=fea_india_ss_toprated_tt_51,8.1
Bangalore Days,https://www.imdb.com//title/tt3668162/?pf_rd_m=A2FGELUUNOQJNL&pf_rd_p=690bec67-3bd7-45a1-9ab4-4f274a72e602&pf_rd_r=6E1CD073S5WPG79NTW0N&pf_rd_s=center-4&pf_rd_t=60601&pf_rd_i=india.top-rated-indian-movies&ref_=fea_india_ss_toprated_tt_52,8.1
A Wednesday,https://www.imdb.com//title/tt1280558/?pf_rd_m=A2FGELUUNOQJNL&pf_rd_p=690bec67-3bd7-45a1-9ab4-4f274a72e602&pf_rd_r=6E1CD073S5WPG79NTW0N&pf_rd_s=center-4&pf_rd_t=60601&pf_rd_i=india.top-rated-indian-movies&ref_=fea_india_ss_toprated_tt_53,8.1
Munna Bhai M.B.B.S.,https://www.imdb.com//title/tt0374887/?pf_rd_m=A2FGELUUNOQJNL&pf_rd_p=690bec67-3bd7-45a1-9ab4-4f274a72e602&pf_rd_r=6E1CD073S5WPG79NTW0N&pf_rd_s=center-4&pf_rd_t=60601&pf_rd_i=india.top-rated-indian-movies&ref_=fea_india_ss_toprated_tt_54,8.1
Udaan,https://www.imdb.com//title/tt1639426/?pf_rd_m=A2FGELUUNOQJNL&pf_rd_p=690bec67-3bd7-45a1-9ab4-4f274a72e602&pf_rd_r=6E1CD073S5WPG79NTW0N&pf_rd_s=center-4&pf_rd_t=60601&pf_rd_i=india.top-rated-indian-movies&ref_=fea_india_ss_toprated_tt_55,8.1
Andaz Apna Apna,https://www.imdb.com//title/tt0109117/?pf_rd_m=A2FGELUUNOQJNL&pf_rd_p=690bec67-3bd7-45a1-9ab4-4f274a72e602&pf_rd_r=6E1CD073S5WPG79NTW0N&pf_rd_s=center-4&pf_rd_t=60601&pf_rd_i=india.top-rated-indian-movies&ref_=fea_india_ss_toprated_tt_56,8.1
Dil Chahta Hai,https://www.imdb.com//title/tt0292490/?pf_rd_m=A2FGELUUNOQJNL&pf_rd_p=690bec67-3bd7-45a1-9ab4-4f274a72e602&pf_rd_r=6E1CD073S5WPG79NTW0N&pf_rd_s=center-4&pf_rd_t=60601&pf_rd_i=india.top-rated-indian-movies&ref_=fea_india_ss_toprated_tt_57,8.1
Roja,https://www.imdb.com//title/tt0105271/?pf_rd_m=A2FGELUUNOQJNL&pf_rd_p=690bec67-3bd7-45a1-9ab4-4f274a72e602&pf_rd_r=6E1CD073S5WPG79NTW0N&pf_rd_s=center-4&pf_rd_t=60601&pf_rd_i=india.top-rated-indian-movies&ref_=fea_india_ss_toprated_tt_58,8.1
Ustad Hotel,https://www.imdb.com//title/tt2218988/?pf_rd_m=A2FGELUUNOQJNL&pf_rd_p=690bec67-3bd7-45a1-9ab4-4f274a72e602&pf_rd_r=6E1CD073S5WPG79NTW0N&pf_rd_s=center-4&pf_rd_t=60601&pf_rd_i=india.top-rated-indian-movies&ref_=fea_india_ss_toprated_tt_59,8.1
Sarfarosh,https://www.imdb.com//title/tt0200087/?pf_rd_m=A2FGELUUNOQJNL&pf_rd_p=690bec67-3bd7-45a1-9ab4-4f274a72e602&pf_rd_r=6E1CD073S5WPG79NTW0N&pf_rd_s=center-4&pf_rd_t=60601&pf_rd_i=india.top-rated-indian-movies&ref_=fea_india_ss_toprated_tt_60,8.1
Lagaan: Once Upon a Time in India,https://www.imdb.com//title/tt0169102/?pf_rd_m=A2FGELUUNOQJNL&pf_rd_p=690bec67-3bd7-45a1-9ab4-4f274a72e602&pf_rd_r=6E1CD073S5WPG79NTW0N&pf_rd_s=center-4&pf_rd_t=60601&pf_rd_i=india.top-rated-indian-movies&ref_=fea_india_ss_toprated_tt_61,8.1
Pink,https://www.imdb.com//title/tt5571734/?pf_rd_m=A2FGELUUNOQJNL&pf_rd_p=690bec67-3bd7-45a1-9ab4-4f274a72e602&pf_rd_r=6E1CD073S5WPG79NTW0N&pf_rd_s=center-4&pf_rd_t=60601&pf_rd_i=india.top-rated-indian-movies&ref_=fea_india_ss_toprated_tt_62,8.1
Anniyan,https://www.imdb.com//title/tt0376127/?pf_rd_m=A2FGELUUNOQJNL&pf_rd_p=690bec67-3bd7-45a1-9ab4-4f274a72e602&pf_rd_r=6E1CD073S5WPG79NTW0N&pf_rd_s=center-4&pf_rd_t=60601&pf_rd_i=india.top-rated-indian-movies&ref_=fea_india_ss_toprated_tt_63,8.1
Kahaani,https://www.imdb.com//title/tt1821480/?pf_rd_m=A2FGELUUNOQJNL&pf_rd_p=690bec67-3bd7-45a1-9ab4-4f274a72e602&pf_rd_r=6E1CD073S5WPG79NTW0N&pf_rd_s=center-4&pf_rd_t=60601&pf_rd_i=india.top-rated-indian-movies&ref_=fea_india_ss_toprated_tt_64,8.1
PK,https://www.imdb.com//title/tt2338151/?pf_rd_m=A2FGELUUNOQJNL&pf_rd_p=690bec67-3bd7-45a1-9ab4-4f274a72e602&pf_rd_r=6E1CD073S5WPG79NTW0N&pf_rd_s=center-4&pf_rd_t=60601&pf_rd_i=india.top-rated-indian-movies&ref_=fea_india_ss_toprated_tt_65,8.1
Iqbal,https://www.imdb.com//title/tt0453729/?pf_rd_m=A2FGELUUNOQJNL&pf_rd_p=690bec67-3bd7-45a1-9ab4-4f274a72e602&pf_rd_r=6E1CD073S5WPG79NTW0N&pf_rd_s=center-4&pf_rd_t=60601&pf_rd_i=india.top-rated-indian-movies&ref_=fea_india_ss_toprated_tt_66,8.1
Arjun Reddy,https://www.imdb.com//title/tt7294534/?pf_rd_m=A2FGELUUNOQJNL&pf_rd_p=690bec67-3bd7-45a1-9ab4-4f274a72e602&pf_rd_r=6E1CD073S5WPG79NTW0N&pf_rd_s=center-4&pf_rd_t=60601&pf_rd_i=india.top-rated-indian-movies&ref_=fea_india_ss_toprated_tt_67,8.1
Zindagi Na Milegi Dobara,https://www.imdb.com//title/tt1562872/?pf_rd_m=A2FGELUUNOQJNL&pf_rd_p=690bec67-3bd7-45a1-9ab4-4f274a72e602&pf_rd_r=6E1CD073S5WPG79NTW0N&pf_rd_s=center-4&pf_rd_t=60601&pf_rd_i=india.top-rated-indian-movies&ref_=fea_india_ss_toprated_tt_68,8.1
Maqbool,https://www.imdb.com//title/tt0379370/?pf_rd_m=A2FGELUUNOQJNL&pf_rd_p=690bec67-3bd7-45a1-9ab4-4f274a72e602&pf_rd_r=6E1CD073S5WPG79NTW0N&pf_rd_s=center-4&pf_rd_t=60601&pf_rd_i=india.top-rated-indian-movies&ref_=fea_india_ss_toprated_tt_69,8.1
Theeran Adhigaaram Ondru,https://www.imdb.com//title/tt7060460/?pf_rd_m=A2FGELUUNOQJNL&pf_rd_p=690bec67-3bd7-45a1-9ab4-4f274a72e602&pf_rd_r=6E1CD073S5WPG79NTW0N&pf_rd_s=center-4&pf_rd_t=60601&pf_rd_i=india.top-rated-indian-movies&ref_=fea_india_ss_toprated_tt_70,8.1
Masaan,https://www.imdb.com//title/tt4635372/?pf_rd_m=A2FGELUUNOQJNL&pf_rd_p=690bec67-3bd7-45a1-9ab4-4f274a72e602&pf_rd_r=6E1CD073S5WPG79NTW0N&pf_rd_s=center-4&pf_rd_t=60601&pf_rd_i=india.top-rated-indian-movies&ref_=fea_india_ss_toprated_tt_71,8.1
Baasha,https://www.imdb.com//title/tt0139876/?pf_rd_m=A2FGELUUNOQJNL&pf_rd_p=690bec67-3bd7-45a1-9ab4-4f274a72e602&pf_rd_r=6E1CD073S5WPG79NTW0N&pf_rd_s=center-4&pf_rd_t=60601&pf_rd_i=india.top-rated-indian-movies&ref_=fea_india_ss_toprated_tt_72,8.0
Omkara,https://www.imdb.com//title/tt0488414/?pf_rd_m=A2FGELUUNOQJNL&pf_rd_p=690bec67-3bd7-45a1-9ab4-4f274a72e602&pf_rd_r=6E1CD073S5WPG79NTW0N&pf_rd_s=center-4&pf_rd_t=60601&pf_rd_i=india.top-rated-indian-movies&ref_=fea_india_ss_toprated_tt_73,8.0
The Legend of Bhagat Singh,https://www.imdb.com//title/tt0319736/?pf_rd_m=A2FGELUUNOQJNL&pf_rd_p=690bec67-3bd7-45a1-9ab4-4f274a72e602&pf_rd_r=6E1CD073S5WPG79NTW0N&pf_rd_s=center-4&pf_rd_t=60601&pf_rd_i=india.top-rated-indian-movies&ref_=fea_india_ss_toprated_tt_74,8.0
Barfi!,https://www.imdb.com//title/tt2082197/?pf_rd_m=A2FGELUUNOQJNL&pf_rd_p=690bec67-3bd7-45a1-9ab4-4f274a72e602&pf_rd_r=6E1CD073S5WPG79NTW0N&pf_rd_s=center-4&pf_rd_t=60601&pf_rd_i=india.top-rated-indian-movies&ref_=fea_india_ss_toprated_tt_75,8.0
Lage Raho Munna Bhai,https://www.imdb.com//title/tt0456144/?pf_rd_m=A2FGELUUNOQJNL&pf_rd_p=690bec67-3bd7-45a1-9ab4-4f274a72e602&pf_rd_r=6E1CD073S5WPG79NTW0N&pf_rd_s=center-4&pf_rd_t=60601&pf_rd_i=india.top-rated-indian-movies&ref_=fea_india_ss_toprated_tt_76,8.0
Bommarillu,https://www.imdb.com//title/tt0843326/?pf_rd_m=A2FGELUUNOQJNL&pf_rd_p=690bec67-3bd7-45a1-9ab4-4f274a72e602&pf_rd_r=6E1CD073S5WPG79NTW0N&pf_rd_s=center-4&pf_rd_t=60601&pf_rd_i=india.top-rated-indian-movies&ref_=fea_india_ss_toprated_tt_77,8.0
Bombay,https://www.imdb.com//title/tt0112553/?pf_rd_m=A2FGELUUNOQJNL&pf_rd_p=690bec67-3bd7-45a1-9ab4-4f274a72e602&pf_rd_r=6E1CD073S5WPG79NTW0N&pf_rd_s=center-4&pf_rd_t=60601&pf_rd_i=india.top-rated-indian-movies&ref_=fea_india_ss_toprated_tt_78,8.0
Ugly,https://www.imdb.com//title/tt2882328/?pf_rd_m=A2FGELUUNOQJNL&pf_rd_p=690bec67-3bd7-45a1-9ab4-4f274a72e602&pf_rd_r=6E1CD073S5WPG79NTW0N&pf_rd_s=center-4&pf_rd_t=60601&pf_rd_i=india.top-rated-indian-movies&ref_=fea_india_ss_toprated_tt_79,8.0
Deewaar,https://www.imdb.com//title/tt0072860/?pf_rd_m=A2FGELUUNOQJNL&pf_rd_p=690bec67-3bd7-45a1-9ab4-4f274a72e602&pf_rd_r=6E1CD073S5WPG79NTW0N&pf_rd_s=center-4&pf_rd_t=60601&pf_rd_i=india.top-rated-indian-movies&ref_=fea_india_ss_toprated_tt_80,8.0
Dilwale Dulhania Le Jayenge,https://www.imdb.com//title/tt0112870/?pf_rd_m=A2FGELUUNOQJNL&pf_rd_p=690bec67-3bd7-45a1-9ab4-4f274a72e602&pf_rd_r=6E1CD073S5WPG79NTW0N&pf_rd_s=center-4&pf_rd_t=60601&pf_rd_i=india.top-rated-indian-movies&ref_=fea_india_ss_toprated_tt_81,8.0
Mother India,https://www.imdb.com//title/tt0050188/?pf_rd_m=A2FGELUUNOQJNL&pf_rd_p=690bec67-3bd7-45a1-9ab4-4f274a72e602&pf_rd_r=6E1CD073S5WPG79NTW0N&pf_rd_s=center-4&pf_rd_t=60601&pf_rd_i=india.top-rated-indian-movies&ref_=fea_india_ss_toprated_tt_82,8.0
Gulaal,https://www.imdb.com//title/tt1261047/?pf_rd_m=A2FGELUUNOQJNL&pf_rd_p=690bec67-3bd7-45a1-9ab4-4f274a72e602&pf_rd_r=6E1CD073S5WPG79NTW0N&pf_rd_s=center-4&pf_rd_t=60601&pf_rd_i=india.top-rated-indian-movies&ref_=fea_india_ss_toprated_tt_83,8.0
Baahubali 2: The Conclusion,https://www.imdb.com//title/tt4849438/?pf_rd_m=A2FGELUUNOQJNL&pf_rd_p=690bec67-3bd7-45a1-9ab4-4f274a72e602&pf_rd_r=6E1CD073S5WPG79NTW0N&pf_rd_s=center-4&pf_rd_t=60601&pf_rd_i=india.top-rated-indian-movies&ref_=fea_india_ss_toprated_tt_84,8.0
Lucia,https://www.imdb.com//title/tt2358592/?pf_rd_m=A2FGELUUNOQJNL&pf_rd_p=690bec67-3bd7-45a1-9ab4-4f274a72e602&pf_rd_r=6E1CD073S5WPG79NTW0N&pf_rd_s=center-4&pf_rd_t=60601&pf_rd_i=india.top-rated-indian-movies&ref_=fea_india_ss_toprated_tt_85,8.0
Haider,https://www.imdb.com//title/tt3390572/?pf_rd_m=A2FGELUUNOQJNL&pf_rd_p=690bec67-3bd7-45a1-9ab4-4f274a72e602&pf_rd_r=6E1CD073S5WPG79NTW0N&pf_rd_s=center-4&pf_rd_t=60601&pf_rd_i=india.top-rated-indian-movies&ref_=fea_india_ss_toprated_tt_86,8.0
Dev.D,https://www.imdb.com//title/tt1327035/?pf_rd_m=A2FGELUUNOQJNL&pf_rd_p=690bec67-3bd7-45a1-9ab4-4f274a72e602&pf_rd_r=6E1CD073S5WPG79NTW0N&pf_rd_s=center-4&pf_rd_t=60601&pf_rd_i=india.top-rated-indian-movies&ref_=fea_india_ss_toprated_tt_87,8.0
Indian,https://www.imdb.com//title/tt0116630/?pf_rd_m=A2FGELUUNOQJNL&pf_rd_p=690bec67-3bd7-45a1-9ab4-4f274a72e602&pf_rd_r=6E1CD073S5WPG79NTW0N&pf_rd_s=center-4&pf_rd_t=60601&pf_rd_i=india.top-rated-indian-movies&ref_=fea_india_ss_toprated_tt_88,8.0
Athadu,https://www.imdb.com//title/tt0471571/?pf_rd_m=A2FGELUUNOQJNL&pf_rd_p=690bec67-3bd7-45a1-9ab4-4f274a72e602&pf_rd_r=6E1CD073S5WPG79NTW0N&pf_rd_s=center-4&pf_rd_t=60601&pf_rd_i=india.top-rated-indian-movies&ref_=fea_india_ss_toprated_tt_89,8.0
Vedam,https://www.imdb.com//title/tt1649431/?pf_rd_m=A2FGELUUNOQJNL&pf_rd_p=690bec67-3bd7-45a1-9ab4-4f274a72e602&pf_rd_r=6E1CD073S5WPG79NTW0N&pf_rd_s=center-4&pf_rd_t=60601&pf_rd_i=india.top-rated-indian-movies&ref_=fea_india_ss_toprated_tt_90,8.0
Special Chabbis,https://www.imdb.com//title/tt2377938/?pf_rd_m=A2FGELUUNOQJNL&pf_rd_p=690bec67-3bd7-45a1-9ab4-4f274a72e602&pf_rd_r=6E1CD073S5WPG79NTW0N&pf_rd_s=center-4&pf_rd_t=60601&pf_rd_i=india.top-rated-indian-movies&ref_=fea_india_ss_toprated_tt_91,8.0
Company,https://www.imdb.com//title/tt0296574/?pf_rd_m=A2FGELUUNOQJNL&pf_rd_p=690bec67-3bd7-45a1-9ab4-4f274a72e602&pf_rd_r=6E1CD073S5WPG79NTW0N&pf_rd_s=center-4&pf_rd_t=60601&pf_rd_i=india.top-rated-indian-movies&ref_=fea_india_ss_toprated_tt_92,7.9
Badhaai Ho,https://www.imdb.com//title/tt7725596/?pf_rd_m=A2FGELUUNOQJNL&pf_rd_p=690bec67-3bd7-45a1-9ab4-4f274a72e602&pf_rd_r=6E1CD073S5WPG79NTW0N&pf_rd_s=center-4&pf_rd_t=60601&pf_rd_i=india.top-rated-indian-movies&ref_=fea_india_ss_toprated_tt_93,7.9
Vaastav: The Reality,https://www.imdb.com//title/tt0220832/?pf_rd_m=A2FGELUUNOQJNL&pf_rd_p=690bec67-3bd7-45a1-9ab4-4f274a72e602&pf_rd_r=6E1CD073S5WPG79NTW0N&pf_rd_s=center-4&pf_rd_t=60601&pf_rd_i=india.top-rated-indian-movies&ref_=fea_india_ss_toprated_tt_94,7.9
Ship of Theseus,https://www.imdb.com//title/tt1773764/?pf_rd_m=A2FGELUUNOQJNL&pf_rd_p=690bec67-3bd7-45a1-9ab4-4f274a72e602&pf_rd_r=6E1CD073S5WPG79NTW0N&pf_rd_s=center-4&pf_rd_t=60601&pf_rd_i=india.top-rated-indian-movies&ref_=fea_india_ss_toprated_tt_95,7.9
K.G.F: Chapter 1,https://www.imdb.com//title/tt7838252/?pf_rd_m=A2FGELUUNOQJNL&pf_rd_p=690bec67-3bd7-45a1-9ab4-4f274a72e602&pf_rd_r=6E1CD073S5WPG79NTW0N&pf_rd_s=center-4&pf_rd_t=60601&pf_rd_i=india.top-rated-indian-movies&ref_=fea_india_ss_toprated_tt_96,7.9
Bajrangi Bhaijaan,https://www.imdb.com//title/tt3863552/?pf_rd_m=A2FGELUUNOQJNL&pf_rd_p=690bec67-3bd7-45a1-9ab4-4f274a72e602&pf_rd_r=6E1CD073S5WPG79NTW0N&pf_rd_s=center-4&pf_rd_t=60601&pf_rd_i=india.top-rated-indian-movies&ref_=fea_india_ss_toprated_tt_97,7.9
Manjhi: The Mountain Man,https://www.imdb.com//title/tt3449292/?pf_rd_m=A2FGELUUNOQJNL&pf_rd_p=690bec67-3bd7-45a1-9ab4-4f274a72e602&pf_rd_r=6E1CD073S5WPG79NTW0N&pf_rd_s=center-4&pf_rd_t=60601&pf_rd_i=india.top-rated-indian-movies&ref_=fea_india_ss_toprated_tt_98,7.9
Ankhon Dekhi,https://www.imdb.com//title/tt3614516/?pf_rd_m=A2FGELUUNOQJNL&pf_rd_p=690bec67-3bd7-45a1-9ab4-4f274a72e602&pf_rd_r=6E1CD073S5WPG79NTW0N&pf_rd_s=center-4&pf_rd_t=60601&pf_rd_i=india.top-rated-indian-movies&ref_=fea_india_ss_toprated_tt_99,7.9
Pizza,https://www.imdb.com//title/tt2585562/?pf_rd_m=A2FGELUUNOQJNL&pf_rd_p=690bec67-3bd7-45a1-9ab4-4f274a72e602&pf_rd_r=6E1CD073S5WPG79NTW0N&pf_rd_s=center-4&pf_rd_t=60601&pf_rd_i=india.top-rated-indian-movies&ref_=fea_india_ss_toprated_tt_100,7.9
Jab We Met,https://www.imdb.com//title/tt1093370/?pf_rd_m=A2FGELUUNOQJNL&pf_rd_p=690bec67-3bd7-45a1-9ab4-4f274a72e602&pf_rd_r=6E1CD073S5WPG79NTW0N&pf_rd_s=center-4&pf_rd_t=60601&pf_rd_i=india.top-rated-indian-movies&ref_=fea_india_ss_toprated_tt_101,7.9
Padman,https://www.imdb.com//title/tt7218518/?pf_rd_m=A2FGELUUNOQJNL&pf_rd_p=690bec67-3bd7-45a1-9ab4-4f274a72e602&pf_rd_r=6E1CD073S5WPG79NTW0N&pf_rd_s=center-4&pf_rd_t=60601&pf_rd_i=india.top-rated-indian-movies&ref_=fea_india_ss_toprated_tt_102,7.9
Airlift,https://www.imdb.com//title/tt4387040/?pf_rd_m=A2FGELUUNOQJNL&pf_rd_p=690bec67-3bd7-45a1-9ab4-4f274a72e602&pf_rd_r=6E1CD073S5WPG79NTW0N&pf_rd_s=center-4&pf_rd_t=60601&pf_rd_i=india.top-rated-indian-movies&ref_=fea_india_ss_toprated_tt_103,7.9
Kal Ho Naa Ho,https://www.imdb.com//title/tt0347304/?pf_rd_m=A2FGELUUNOQJNL&pf_rd_p=690bec67-3bd7-45a1-9ab4-4f274a72e602&pf_rd_r=6E1CD073S5WPG79NTW0N&pf_rd_s=center-4&pf_rd_t=60601&pf_rd_i=india.top-rated-indian-movies&ref_=fea_india_ss_toprated_tt_104,7.9
Hey Ram,https://www.imdb.com//title/tt0222012/?pf_rd_m=A2FGELUUNOQJNL&pf_rd_p=690bec67-3bd7-45a1-9ab4-4f274a72e602&pf_rd_r=6E1CD073S5WPG79NTW0N&pf_rd_s=center-4&pf_rd_t=60601&pf_rd_i=india.top-rated-indian-movies&ref_=fea_india_ss_toprated_tt_105,7.9
Baby,https://www.imdb.com//title/tt3848892/?pf_rd_m=A2FGELUUNOQJNL&pf_rd_p=690bec67-3bd7-45a1-9ab4-4f274a72e602&pf_rd_r=6E1CD073S5WPG79NTW0N&pf_rd_s=center-4&pf_rd_t=60601&pf_rd_i=india.top-rated-indian-movies&ref_=fea_india_ss_toprated_tt_106,7.9
Secret Superstar,https://www.imdb.com//title/tt6108090/?pf_rd_m=A2FGELUUNOQJNL&pf_rd_p=690bec67-3bd7-45a1-9ab4-4f274a72e602&pf_rd_r=6E1CD073S5WPG79NTW0N&pf_rd_s=center-4&pf_rd_t=60601&pf_rd_i=india.top-rated-indian-movies&ref_=fea_india_ss_toprated_tt_107,7.9
My Name Is Khan,https://www.imdb.com//title/tt1188996/?pf_rd_m=A2FGELUUNOQJNL&pf_rd_p=690bec67-3bd7-45a1-9ab4-4f274a72e602&pf_rd_r=6E1CD073S5WPG79NTW0N&pf_rd_s=center-4&pf_rd_t=60601&pf_rd_i=india.top-rated-indian-movies&ref_=fea_india_ss_toprated_tt_108,7.9
Vaaranam Aayiram,https://www.imdb.com//title/tt1180583/?pf_rd_m=A2FGELUUNOQJNL&pf_rd_p=690bec67-3bd7-45a1-9ab4-4f274a72e602&pf_rd_r=6E1CD073S5WPG79NTW0N&pf_rd_s=center-4&pf_rd_t=60601&pf_rd_i=india.top-rated-indian-movies&ref_=fea_india_ss_toprated_tt_109,7.9
Rangasthalam,https://www.imdb.com//title/tt7392212/?pf_rd_m=A2FGELUUNOQJNL&pf_rd_p=690bec67-3bd7-45a1-9ab4-4f274a72e602&pf_rd_r=6E1CD073S5WPG79NTW0N&pf_rd_s=center-4&pf_rd_t=60601&pf_rd_i=india.top-rated-indian-movies&ref_=fea_india_ss_toprated_tt_110,7.9
Lakshya,https://www.imdb.com//title/tt0323013/?pf_rd_m=A2FGELUUNOQJNL&pf_rd_p=690bec67-3bd7-45a1-9ab4-4f274a72e602&pf_rd_r=6E1CD073S5WPG79NTW0N&pf_rd_s=center-4&pf_rd_t=60601&pf_rd_i=india.top-rated-indian-movies&ref_=fea_india_ss_toprated_tt_111,7.8
Bahubali: The Beginning,https://www.imdb.com//title/tt2631186/?pf_rd_m=A2FGELUUNOQJNL&pf_rd_p=690bec67-3bd7-45a1-9ab4-4f274a72e602&pf_rd_r=6E1CD073S5WPG79NTW0N&pf_rd_s=center-4&pf_rd_t=60601&pf_rd_i=india.top-rated-indian-movies&ref_=fea_india_ss_toprated_tt_112,7.8
Border,https://www.imdb.com//title/tt0118751/?pf_rd_m=A2FGELUUNOQJNL&pf_rd_p=690bec67-3bd7-45a1-9ab4-4f274a72e602&pf_rd_r=6E1CD073S5WPG79NTW0N&pf_rd_s=center-4&pf_rd_t=60601&pf_rd_i=india.top-rated-indian-movies&ref_=fea_india_ss_toprated_tt_113,7.8
Ab Tak Chhappan,https://www.imdb.com//title/tt0402014/?pf_rd_m=A2FGELUUNOQJNL&pf_rd_p=690bec67-3bd7-45a1-9ab4-4f274a72e602&pf_rd_r=6E1CD073S5WPG79NTW0N&pf_rd_s=center-4&pf_rd_t=60601&pf_rd_i=india.top-rated-indian-movies&ref_=fea_india_ss_toprated_tt_114,7.8
Gangaajal,https://www.imdb.com//title/tt0373856/?pf_rd_m=A2FGELUUNOQJNL&pf_rd_p=690bec67-3bd7-45a1-9ab4-4f274a72e602&pf_rd_r=6E1CD073S5WPG79NTW0N&pf_rd_s=center-4&pf_rd_t=60601&pf_rd_i=india.top-rated-indian-movies&ref_=fea_india_ss_toprated_tt_115,7.8
Vettaiyaadu Vilaiyaadu,https://www.imdb.com//title/tt0455829/?pf_rd_m=A2FGELUUNOQJNL&pf_rd_p=690bec67-3bd7-45a1-9ab4-4f274a72e602&pf_rd_r=6E1CD073S5WPG79NTW0N&pf_rd_s=center-4&pf_rd_t=60601&pf_rd_i=india.top-rated-indian-movies&ref_=fea_india_ss_toprated_tt_116,7.8
Johnny Gaddaar,https://www.imdb.com//title/tt1077248/?pf_rd_m=A2FGELUUNOQJNL&pf_rd_p=690bec67-3bd7-45a1-9ab4-4f274a72e602&pf_rd_r=6E1CD073S5WPG79NTW0N&pf_rd_s=center-4&pf_rd_t=60601&pf_rd_i=india.top-rated-indian-movies&ref_=fea_india_ss_toprated_tt_117,7.8
English Vinglish,https://www.imdb.com//title/tt2181931/?pf_rd_m=A2FGELUUNOQJNL&pf_rd_p=690bec67-3bd7-45a1-9ab4-4f274a72e602&pf_rd_r=6E1CD073S5WPG79NTW0N&pf_rd_s=center-4&pf_rd_t=60601&pf_rd_i=india.top-rated-indian-movies&ref_=fea_india_ss_toprated_tt_118,7.8
Manam,https://www.imdb.com//title/tt2926068/?pf_rd_m=A2FGELUUNOQJNL&pf_rd_p=690bec67-3bd7-45a1-9ab4-4f274a72e602&pf_rd_r=6E1CD073S5WPG79NTW0N&pf_rd_s=center-4&pf_rd_t=60601&pf_rd_i=india.top-rated-indian-movies&ref_=fea_india_ss_toprated_tt_119,7.8
Okkadu,https://www.imdb.com//title/tt0366840/?pf_rd_m=A2FGELUUNOQJNL&pf_rd_p=690bec67-3bd7-45a1-9ab4-4f274a72e602&pf_rd_r=6E1CD073S5WPG79NTW0N&pf_rd_s=center-4&pf_rd_t=60601&pf_rd_i=india.top-rated-indian-movies&ref_=fea_india_ss_toprated_tt_120,7.8
Ulidavaru Kandanthe,https://www.imdb.com//title/tt3394420/?pf_rd_m=A2FGELUUNOQJNL&pf_rd_p=690bec67-3bd7-45a1-9ab4-4f274a72e602&pf_rd_r=6E1CD073S5WPG79NTW0N&pf_rd_s=center-4&pf_rd_t=60601&pf_rd_i=india.top-rated-indian-movies&ref_=fea_india_ss_toprated_tt_121,7.8
Rock On!!,https://www.imdb.com//title/tt1230165/?pf_rd_m=A2FGELUUNOQJNL&pf_rd_p=690bec67-3bd7-45a1-9ab4-4f274a72e602&pf_rd_r=6E1CD073S5WPG79NTW0N&pf_rd_s=center-4&pf_rd_t=60601&pf_rd_i=india.top-rated-indian-movies&ref_=fea_india_ss_toprated_tt_122,7.8
Dabba,https://www.imdb.com//title/tt2350496/?pf_rd_m=A2FGELUUNOQJNL&pf_rd_p=690bec67-3bd7-45a1-9ab4-4f274a72e602&pf_rd_r=6E1CD073S5WPG79NTW0N&pf_rd_s=center-4&pf_rd_t=60601&pf_rd_i=india.top-rated-indian-movies&ref_=fea_india_ss_toprated_tt_123,7.8
Don,https://www.imdb.com//title/tt0077451/?pf_rd_m=A2FGELUUNOQJNL&pf_rd_p=690bec67-3bd7-45a1-9ab4-4f274a72e602&pf_rd_r=6E1CD073S5WPG79NTW0N&pf_rd_s=center-4&pf_rd_t=60601&pf_rd_i=india.top-rated-indian-movies&ref_=fea_india_ss_toprated_tt_124,7.8
Mr. India,https://www.imdb.com//title/tt0093578/?pf_rd_m=A2FGELUUNOQJNL&pf_rd_p=690bec67-3bd7-45a1-9ab4-4f274a72e602&pf_rd_r=6E1CD073S5WPG79NTW0N&pf_rd_s=center-4&pf_rd_t=60601&pf_rd_i=india.top-rated-indian-movies&ref_=fea_india_ss_toprated_tt_125,7.8
Udta Punjab,https://www.imdb.com//title/tt4434004/?pf_rd_m=A2FGELUUNOQJNL&pf_rd_p=690bec67-3bd7-45a1-9ab4-4f274a72e602&pf_rd_r=6E1CD073S5WPG79NTW0N&pf_rd_s=center-4&pf_rd_t=60601&pf_rd_i=india.top-rated-indian-movies&ref_=fea_india_ss_toprated_tt_126,7.8
Hindi Medium,https://www.imdb.com//title/tt5764096/?pf_rd_m=A2FGELUUNOQJNL&pf_rd_p=690bec67-3bd7-45a1-9ab4-4f274a72e602&pf_rd_r=6E1CD073S5WPG79NTW0N&pf_rd_s=center-4&pf_rd_t=60601&pf_rd_i=india.top-rated-indian-movies&ref_=fea_india_ss_toprated_tt_127,7.7
Nayak: The Real Hero,https://www.imdb.com//title/tt0291376/?pf_rd_m=A2FGELUUNOQJNL&pf_rd_p=690bec67-3bd7-45a1-9ab4-4f274a72e602&pf_rd_r=6E1CD073S5WPG79NTW0N&pf_rd_s=center-4&pf_rd_t=60601&pf_rd_i=india.top-rated-indian-movies&ref_=fea_india_ss_toprated_tt_128,7.7
Dasvidaniya,https://www.imdb.com//title/tt1288638/?pf_rd_m=A2FGELUUNOQJNL&pf_rd_p=690bec67-3bd7-45a1-9ab4-4f274a72e602&pf_rd_r=6E1CD073S5WPG79NTW0N&pf_rd_s=center-4&pf_rd_t=60601&pf_rd_i=india.top-rated-indian-movies&ref_=fea_india_ss_toprated_tt_129,7.7
Vicky Donor,https://www.imdb.com//title/tt2317337/?pf_rd_m=A2FGELUUNOQJNL&pf_rd_p=690bec67-3bd7-45a1-9ab4-4f274a72e602&pf_rd_r=6E1CD073S5WPG79NTW0N&pf_rd_s=center-4&pf_rd_t=60601&pf_rd_i=india.top-rated-indian-movies&ref_=fea_india_ss_toprated_tt_130,7.7
Oye Lucky! Lucky Oye!,https://www.imdb.com//title/tt1292703/?pf_rd_m=A2FGELUUNOQJNL&pf_rd_p=690bec67-3bd7-45a1-9ab4-4f274a72e602&pf_rd_r=6E1CD073S5WPG79NTW0N&pf_rd_s=center-4&pf_rd_t=60601&pf_rd_i=india.top-rated-indian-movies&ref_=fea_india_ss_toprated_tt_131,7.7
Mumbai Meri Jaan,https://www.imdb.com//title/tt1266583/?pf_rd_m=A2FGELUUNOQJNL&pf_rd_p=690bec67-3bd7-45a1-9ab4-4f274a72e602&pf_rd_r=6E1CD073S5WPG79NTW0N&pf_rd_s=center-4&pf_rd_t=60601&pf_rd_i=india.top-rated-indian-movies&ref_=fea_india_ss_toprated_tt_132,7.7
Raazi,https://www.imdb.com//title/tt7098658/?pf_rd_m=A2FGELUUNOQJNL&pf_rd_p=690bec67-3bd7-45a1-9ab4-4f274a72e602&pf_rd_r=6E1CD073S5WPG79NTW0N&pf_rd_s=center-4&pf_rd_t=60601&pf_rd_i=india.top-rated-indian-movies&ref_=fea_india_ss_toprated_tt_133,7.7
Guru,https://www.imdb.com//title/tt0499375/?pf_rd_m=A2FGELUUNOQJNL&pf_rd_p=690bec67-3bd7-45a1-9ab4-4f274a72e602&pf_rd_r=6E1CD073S5WPG79NTW0N&pf_rd_s=center-4&pf_rd_t=60601&pf_rd_i=india.top-rated-indian-movies&ref_=fea_india_ss_toprated_tt_134,7.7
Samsara,https://www.imdb.com//title/tt0196069/?pf_rd_m=A2FGELUUNOQJNL&pf_rd_p=690bec67-3bd7-45a1-9ab4-4f274a72e602&pf_rd_r=6E1CD073S5WPG79NTW0N&pf_rd_s=center-4&pf_rd_t=60601&pf_rd_i=india.top-rated-indian-movies&ref_=fea_india_ss_toprated_tt_135,7.7
Pokiri,https://www.imdb.com//title/tt0816258/?pf_rd_m=A2FGELUUNOQJNL&pf_rd_p=690bec67-3bd7-45a1-9ab4-4f274a72e602&pf_rd_r=6E1CD073S5WPG79NTW0N&pf_rd_s=center-4&pf_rd_t=60601&pf_rd_i=india.top-rated-indian-movies&ref_=fea_india_ss_toprated_tt_136,7.7
Veer-Zaara,https://www.imdb.com//title/tt0420332/?pf_rd_m=A2FGELUUNOQJNL&pf_rd_p=690bec67-3bd7-45a1-9ab4-4f274a72e602&pf_rd_r=6E1CD073S5WPG79NTW0N&pf_rd_s=center-4&pf_rd_t=60601&pf_rd_i=india.top-rated-indian-movies&ref_=fea_india_ss_toprated_tt_137,7.7
Earth,https://www.imdb.com//title/tt0150433/?pf_rd_m=A2FGELUUNOQJNL&pf_rd_p=690bec67-3bd7-45a1-9ab4-4f274a72e602&pf_rd_r=6E1CD073S5WPG79NTW0N&pf_rd_s=center-4&pf_rd_t=60601&pf_rd_i=india.top-rated-indian-movies&ref_=fea_india_ss_toprated_tt_138,7.7
Aamir,https://www.imdb.com//title/tt1241195/?pf_rd_m=A2FGELUUNOQJNL&pf_rd_p=690bec67-3bd7-45a1-9ab4-4f274a72e602&pf_rd_r=6E1CD073S5WPG79NTW0N&pf_rd_s=center-4&pf_rd_t=60601&pf_rd_i=india.top-rated-indian-movies&ref_=fea_india_ss_toprated_tt_139,7.7
Kapoor & Sons,https://www.imdb.com//title/tt4900716/?pf_rd_m=A2FGELUUNOQJNL&pf_rd_p=690bec67-3bd7-45a1-9ab4-4f274a72e602&pf_rd_r=6E1CD073S5WPG79NTW0N&pf_rd_s=center-4&pf_rd_t=60601&pf_rd_i=india.top-rated-indian-movies&ref_=fea_india_ss_toprated_tt_140,7.7
Stree,https://www.imdb.com//title/tt8108202/?pf_rd_m=A2FGELUUNOQJNL&pf_rd_p=690bec67-3bd7-45a1-9ab4-4f274a72e602&pf_rd_r=6E1CD073S5WPG79NTW0N&pf_rd_s=center-4&pf_rd_t=60601&pf_rd_i=india.top-rated-indian-movies&ref_=fea_india_ss_toprated_tt_141,7.7
Agneepath,https://www.imdb.com//title/tt0098999/?pf_rd_m=A2FGELUUNOQJNL&pf_rd_p=690bec67-3bd7-45a1-9ab4-4f274a72e602&pf_rd_r=6E1CD073S5WPG79NTW0N&pf_rd_s=center-4&pf_rd_t=60601&pf_rd_i=india.top-rated-indian-movies&ref_=fea_india_ss_toprated_tt_142,7.7
RangiTaranga,https://www.imdb.com//title/tt4432480/?pf_rd_m=A2FGELUUNOQJNL&pf_rd_p=690bec67-3bd7-45a1-9ab4-4f274a72e602&pf_rd_r=6E1CD073S5WPG79NTW0N&pf_rd_s=center-4&pf_rd_t=60601&pf_rd_i=india.top-rated-indian-movies&ref_=fea_india_ss_toprated_tt_143,7.7
Newton,https://www.imdb.com//title/tt6484982/?pf_rd_m=A2FGELUUNOQJNL&pf_rd_p=690bec67-3bd7-45a1-9ab4-4f274a72e602&pf_rd_r=6E1CD073S5WPG79NTW0N&pf_rd_s=center-4&pf_rd_t=60601&pf_rd_i=india.top-rated-indian-movies&ref_=fea_india_ss_toprated_tt_144,7.7
Sanju,https://www.imdb.com//title/tt6452574/?pf_rd_m=A2FGELUUNOQJNL&pf_rd_p=690bec67-3bd7-45a1-9ab4-4f274a72e602&pf_rd_r=6E1CD073S5WPG79NTW0N&pf_rd_s=center-4&pf_rd_t=60601&pf_rd_i=india.top-rated-indian-movies&ref_=fea_india_ss_toprated_tt_145,7.7
Eega,https://www.imdb.com//title/tt2258337/?pf_rd_m=A2FGELUUNOQJNL&pf_rd_p=690bec67-3bd7-45a1-9ab4-4f274a72e602&pf_rd_r=6E1CD073S5WPG79NTW0N&pf_rd_s=center-4&pf_rd_t=60601&pf_rd_i=india.top-rated-indian-movies&ref_=fea_india_ss_toprated_tt_146,7.7
Pyaar Ka Punchnama,https://www.imdb.com//title/tt1926313/?pf_rd_m=A2FGELUUNOQJNL&pf_rd_p=690bec67-3bd7-45a1-9ab4-4f274a72e602&pf_rd_r=6E1CD073S5WPG79NTW0N&pf_rd_s=center-4&pf_rd_t=60601&pf_rd_i=india.top-rated-indian-movies&ref_=fea_india_ss_toprated_tt_147,7.7
Manorama Six Feet Under,https://www.imdb.com//title/tt0920464/?pf_rd_m=A2FGELUUNOQJNL&pf_rd_p=690bec67-3bd7-45a1-9ab4-4f274a72e602&pf_rd_r=6E1CD073S5WPG79NTW0N&pf_rd_s=center-4&pf_rd_t=60601&pf_rd_i=india.top-rated-indian-movies&ref_=fea_india_ss_toprated_tt_148,7.7
Neerja,https://www.imdb.com//title/tt5286444/?pf_rd_m=A2FGELUUNOQJNL&pf_rd_p=690bec67-3bd7-45a1-9ab4-4f274a72e602&pf_rd_r=6E1CD073S5WPG79NTW0N&pf_rd_s=center-4&pf_rd_t=60601&pf_rd_i=india.top-rated-indian-movies&ref_=fea_india_ss_toprated_tt_149,7.7
Madras Cafe,https://www.imdb.com//title/tt2855648/?pf_rd_m=A2FGELUUNOQJNL&pf_rd_p=690bec67-3bd7-45a1-9ab4-4f274a72e602&pf_rd_r=6E1CD073S5WPG79NTW0N&pf_rd_s=center-4&pf_rd_t=60601&pf_rd_i=india.top-rated-indian-movies&ref_=fea_india_ss_toprated_tt_150,7.7
Sarkar,https://www.imdb.com//title/tt0432047/?pf_rd_m=A2FGELUUNOQJNL&pf_rd_p=690bec67-3bd7-45a1-9ab4-4f274a72e602&pf_rd_r=6E1CD073S5WPG79NTW0N&pf_rd_s=center-4&pf_rd_t=60601&pf_rd_i=india.top-rated-indian-movies&ref_=fea_india_ss_toprated_tt_151,7.6
Kabhi Haan Kabhi Naa,https://www.imdb.com//title/tt0110222/?pf_rd_m=A2FGELUUNOQJNL&pf_rd_p=690bec67-3bd7-45a1-9ab4-4f274a72e602&pf_rd_r=6E1CD073S5WPG79NTW0N&pf_rd_s=center-4&pf_rd_t=60601&pf_rd_i=india.top-rated-indian-movies&ref_=fea_india_ss_toprated_tt_152,7.6
Darr,https://www.imdb.com//title/tt0109555/?pf_rd_m=A2FGELUUNOQJNL&pf_rd_p=690bec67-3bd7-45a1-9ab4-4f274a72e602&pf_rd_r=6E1CD073S5WPG79NTW0N&pf_rd_s=center-4&pf_rd_t=60601&pf_rd_i=india.top-rated-indian-movies&ref_=fea_india_ss_toprated_tt_153,7.6
Bheja Fry,https://www.imdb.com//title/tt1014672/?pf_rd_m=A2FGELUUNOQJNL&pf_rd_p=690bec67-3bd7-45a1-9ab4-4f274a72e602&pf_rd_r=6E1CD073S5WPG79NTW0N&pf_rd_s=center-4&pf_rd_t=60601&pf_rd_i=india.top-rated-indian-movies&ref_=fea_india_ss_toprated_tt_154,7.6
Tanu Weds Manu Returns,https://www.imdb.com//title/tt2140465/?pf_rd_m=A2FGELUUNOQJNL&pf_rd_p=690bec67-3bd7-45a1-9ab4-4f274a72e602&pf_rd_r=6E1CD073S5WPG79NTW0N&pf_rd_s=center-4&pf_rd_t=60601&pf_rd_i=india.top-rated-indian-movies&ref_=fea_india_ss_toprated_tt_155,7.6
Kai po che!,https://www.imdb.com//title/tt2213054/?pf_rd_m=A2FGELUUNOQJNL&pf_rd_p=690bec67-3bd7-45a1-9ab4-4f274a72e602&pf_rd_r=6E1CD073S5WPG79NTW0N&pf_rd_s=center-4&pf_rd_t=60601&pf_rd_i=india.top-rated-indian-movies&ref_=fea_india_ss_toprated_tt_156,7.6
Rockstar,https://www.imdb.com//title/tt1839596/?pf_rd_m=A2FGELUUNOQJNL&pf_rd_p=690bec67-3bd7-45a1-9ab4-4f274a72e602&pf_rd_r=6E1CD073S5WPG79NTW0N&pf_rd_s=center-4&pf_rd_t=60601&pf_rd_i=india.top-rated-indian-movies&ref_=fea_india_ss_toprated_tt_157,7.6
Kuch Kuch Hota Hai,https://www.imdb.com//title/tt0172684/?pf_rd_m=A2FGELUUNOQJNL&pf_rd_p=690bec67-3bd7-45a1-9ab4-4f274a72e602&pf_rd_r=6E1CD073S5WPG79NTW0N&pf_rd_s=center-4&pf_rd_t=60601&pf_rd_i=india.top-rated-indian-movies&ref_=fea_india_ss_toprated_tt_158,7.6
24,https://www.imdb.com//title/tt4981966/?pf_rd_m=A2FGELUUNOQJNL&pf_rd_p=690bec67-3bd7-45a1-9ab4-4f274a72e602&pf_rd_r=6E1CD073S5WPG79NTW0N&pf_rd_s=center-4&pf_rd_t=60601&pf_rd_i=india.top-rated-indian-movies&ref_=fea_india_ss_toprated_tt_159,7.6
Magadheera,https://www.imdb.com//title/tt1447500/?pf_rd_m=A2FGELUUNOQJNL&pf_rd_p=690bec67-3bd7-45a1-9ab4-4f274a72e602&pf_rd_r=6E1CD073S5WPG79NTW0N&pf_rd_s=center-4&pf_rd_t=60601&pf_rd_i=india.top-rated-indian-movies&ref_=fea_india_ss_toprated_tt_160,7.6
Baazigar,https://www.imdb.com//title/tt0106333/?pf_rd_m=A2FGELUUNOQJNL&pf_rd_p=690bec67-3bd7-45a1-9ab4-4f274a72e602&pf_rd_r=6E1CD073S5WPG79NTW0N&pf_rd_s=center-4&pf_rd_t=60601&pf_rd_i=india.top-rated-indian-movies&ref_=fea_india_ss_toprated_tt_161,7.6
Ek Hasina Thi,https://www.imdb.com//title/tt0352314/?pf_rd_m=A2FGELUUNOQJNL&pf_rd_p=690bec67-3bd7-45a1-9ab4-4f274a72e602&pf_rd_r=6E1CD073S5WPG79NTW0N&pf_rd_s=center-4&pf_rd_t=60601&pf_rd_i=india.top-rated-indian-movies&ref_=fea_india_ss_toprated_tt_162,7.6
Highway,https://www.imdb.com//title/tt2980794/?pf_rd_m=A2FGELUUNOQJNL&pf_rd_p=690bec67-3bd7-45a1-9ab4-4f274a72e602&pf_rd_r=6E1CD073S5WPG79NTW0N&pf_rd_s=center-4&pf_rd_t=60601&pf_rd_i=india.top-rated-indian-movies&ref_=fea_india_ss_toprated_tt_163,7.6
Saala Khadoos,https://www.imdb.com//title/tt5310090/?pf_rd_m=A2FGELUUNOQJNL&pf_rd_p=690bec67-3bd7-45a1-9ab4-4f274a72e602&pf_rd_r=6E1CD073S5WPG79NTW0N&pf_rd_s=center-4&pf_rd_t=60601&pf_rd_i=india.top-rated-indian-movies&ref_=fea_india_ss_toprated_tt_164,7.6
M.S. Dhoni: The Untold Story,https://www.imdb.com//title/tt4169250/?pf_rd_m=A2FGELUUNOQJNL&pf_rd_p=690bec67-3bd7-45a1-9ab4-4f274a72e602&pf_rd_r=6E1CD073S5WPG79NTW0N&pf_rd_s=center-4&pf_rd_t=60601&pf_rd_i=india.top-rated-indian-movies&ref_=fea_india_ss_toprated_tt_165,7.6
Parmanu: The Story of Pokhran,https://www.imdb.com//title/tt6826438/?pf_rd_m=A2FGELUUNOQJNL&pf_rd_p=690bec67-3bd7-45a1-9ab4-4f274a72e602&pf_rd_r=6E1CD073S5WPG79NTW0N&pf_rd_s=center-4&pf_rd_t=60601&pf_rd_i=india.top-rated-indian-movies&ref_=fea_india_ss_toprated_tt_166,7.6
Wake Up Sid,https://www.imdb.com//title/tt1324059/?pf_rd_m=A2FGELUUNOQJNL&pf_rd_p=690bec67-3bd7-45a1-9ab4-4f274a72e602&pf_rd_r=6E1CD073S5WPG79NTW0N&pf_rd_s=center-4&pf_rd_t=60601&pf_rd_i=india.top-rated-indian-movies&ref_=fea_india_ss_toprated_tt_167,7.6
Jodhaa Akbar,https://www.imdb.com//title/tt0449994/?pf_rd_m=A2FGELUUNOQJNL&pf_rd_p=690bec67-3bd7-45a1-9ab4-4f274a72e602&pf_rd_r=6E1CD073S5WPG79NTW0N&pf_rd_s=center-4&pf_rd_t=60601&pf_rd_i=india.top-rated-indian-movies&ref_=fea_india_ss_toprated_tt_168,7.6
Dil Se..,https://www.imdb.com//title/tt0164538/?pf_rd_m=A2FGELUUNOQJNL&pf_rd_p=690bec67-3bd7-45a1-9ab4-4f274a72e602&pf_rd_r=6E1CD073S5WPG79NTW0N&pf_rd_s=center-4&pf_rd_t=60601&pf_rd_i=india.top-rated-indian-movies&ref_=fea_india_ss_toprated_tt_169,7.6
Kaththi,https://www.imdb.com//title/tt3801314/?pf_rd_m=A2FGELUUNOQJNL&pf_rd_p=690bec67-3bd7-45a1-9ab4-4f274a72e602&pf_rd_r=6E1CD073S5WPG79NTW0N&pf_rd_s=center-4&pf_rd_t=60601&pf_rd_i=india.top-rated-indian-movies&ref_=fea_india_ss_toprated_tt_170,7.5
Piku,https://www.imdb.com//title/tt3767372/?pf_rd_m=A2FGELUUNOQJNL&pf_rd_p=690bec67-3bd7-45a1-9ab4-4f274a72e602&pf_rd_r=6E1CD073S5WPG79NTW0N&pf_rd_s=center-4&pf_rd_t=60601&pf_rd_i=india.top-rated-indian-movies&ref_=fea_india_ss_toprated_tt_171,7.5
Devdas,https://www.imdb.com//title/tt0238936/?pf_rd_m=A2FGELUUNOQJNL&pf_rd_p=690bec67-3bd7-45a1-9ab4-4f274a72e602&pf_rd_r=6E1CD073S5WPG79NTW0N&pf_rd_s=center-4&pf_rd_t=60601&pf_rd_i=india.top-rated-indian-movies&ref_=fea_india_ss_toprated_tt_172,7.5
Delhi Belly,https://www.imdb.com//title/tt1934231/?pf_rd_m=A2FGELUUNOQJNL&pf_rd_p=690bec67-3bd7-45a1-9ab4-4f274a72e602&pf_rd_r=6E1CD073S5WPG79NTW0N&pf_rd_s=center-4&pf_rd_t=60601&pf_rd_i=india.top-rated-indian-movies&ref_=fea_india_ss_toprated_tt_173,7.5
Thuppakki,https://www.imdb.com//title/tt2187153/?pf_rd_m=A2FGELUUNOQJNL&pf_rd_p=690bec67-3bd7-45a1-9ab4-4f274a72e602&pf_rd_r=6E1CD073S5WPG79NTW0N&pf_rd_s=center-4&pf_rd_t=60601&pf_rd_i=india.top-rated-indian-movies&ref_=fea_india_ss_toprated_tt_174,7.5
Detective Byomkesh Bakshy!,https://www.imdb.com//title/tt3447364/?pf_rd_m=A2FGELUUNOQJNL&pf_rd_p=690bec67-3bd7-45a1-9ab4-4f274a72e602&pf_rd_r=6E1CD073S5WPG79NTW0N&pf_rd_s=center-4&pf_rd_t=60601&pf_rd_i=india.top-rated-indian-movies&ref_=fea_india_ss_toprated_tt_175,7.5
Aankhen,https://www.imdb.com//title/tt0306434/?pf_rd_m=A2FGELUUNOQJNL&pf_rd_p=690bec67-3bd7-45a1-9ab4-4f274a72e602&pf_rd_r=6E1CD073S5WPG79NTW0N&pf_rd_s=center-4&pf_rd_t=60601&pf_rd_i=india.top-rated-indian-movies&ref_=fea_india_ss_toprated_tt_176,7.5
Raanjhanaa,https://www.imdb.com//title/tt2359810/?pf_rd_m=A2FGELUUNOQJNL&pf_rd_p=690bec67-3bd7-45a1-9ab4-4f274a72e602&pf_rd_r=6E1CD073S5WPG79NTW0N&pf_rd_s=center-4&pf_rd_t=60601&pf_rd_i=india.top-rated-indian-movies&ref_=fea_india_ss_toprated_tt_177,7.5
Qayamat Se Qayamat Tak,https://www.imdb.com//title/tt0095936/?pf_rd_m=A2FGELUUNOQJNL&pf_rd_p=690bec67-3bd7-45a1-9ab4-4f274a72e602&pf_rd_r=6E1CD073S5WPG79NTW0N&pf_rd_s=center-4&pf_rd_t=60601&pf_rd_i=india.top-rated-indian-movies&ref_=fea_india_ss_toprated_tt_178,7.5
1 - Nenokkadine,https://www.imdb.com//title/tt2375559/?pf_rd_m=A2FGELUUNOQJNL&pf_rd_p=690bec67-3bd7-45a1-9ab4-4f274a72e602&pf_rd_r=6E1CD073S5WPG79NTW0N&pf_rd_s=center-4&pf_rd_t=60601&pf_rd_i=india.top-rated-indian-movies&ref_=fea_india_ss_toprated_tt_179,7.5
Trapped,https://www.imdb.com//title/tt6206564/?pf_rd_m=A2FGELUUNOQJNL&pf_rd_p=690bec67-3bd7-45a1-9ab4-4f274a72e602&pf_rd_r=6E1CD073S5WPG79NTW0N&pf_rd_s=center-4&pf_rd_t=60601&pf_rd_i=india.top-rated-indian-movies&ref_=fea_india_ss_toprated_tt_180,7.5
Rocket Singh: Salesman of the Year,https://www.imdb.com//title/tt1434447/?pf_rd_m=A2FGELUUNOQJNL&pf_rd_p=690bec67-3bd7-45a1-9ab4-4f274a72e602&pf_rd_r=6E1CD073S5WPG79NTW0N&pf_rd_s=center-4&pf_rd_t=60601&pf_rd_i=india.top-rated-indian-movies&ref_=fea_india_ss_toprated_tt_181,7.5
Khakee,https://www.imdb.com//title/tt0347332/?pf_rd_m=A2FGELUUNOQJNL&pf_rd_p=690bec67-3bd7-45a1-9ab4-4f274a72e602&pf_rd_r=6E1CD073S5WPG79NTW0N&pf_rd_s=center-4&pf_rd_t=60601&pf_rd_i=india.top-rated-indian-movies&ref_=fea_india_ss_toprated_tt_182,7.5
Hungama,https://www.imdb.com//title/tt0371735/?pf_rd_m=A2FGELUUNOQJNL&pf_rd_p=690bec67-3bd7-45a1-9ab4-4f274a72e602&pf_rd_r=6E1CD073S5WPG79NTW0N&pf_rd_s=center-4&pf_rd_t=60601&pf_rd_i=india.top-rated-indian-movies&ref_=fea_india_ss_toprated_tt_183,7.5
The Ghazi Attack,https://www.imdb.com//title/tt6299040/?pf_rd_m=A2FGELUUNOQJNL&pf_rd_p=690bec67-3bd7-45a1-9ab4-4f274a72e602&pf_rd_r=6E1CD073S5WPG79NTW0N&pf_rd_s=center-4&pf_rd_t=60601&pf_rd_i=india.top-rated-indian-movies&ref_=fea_india_ss_toprated_tt_184,7.5
Amar Akbar Anthony,https://www.imdb.com//title/tt0075669/?pf_rd_m=A2FGELUUNOQJNL&pf_rd_p=690bec67-3bd7-45a1-9ab4-4f274a72e602&pf_rd_r=6E1CD073S5WPG79NTW0N&pf_rd_s=center-4&pf_rd_t=60601&pf_rd_i=india.top-rated-indian-movies&ref_=fea_india_ss_toprated_tt_185,7.5
Rehnaa Hai Terre Dil Mein,https://www.imdb.com//title/tt0299108/?pf_rd_m=A2FGELUUNOQJNL&pf_rd_p=690bec67-3bd7-45a1-9ab4-4f274a72e602&pf_rd_r=6E1CD073S5WPG79NTW0N&pf_rd_s=center-4&pf_rd_t=60601&pf_rd_i=india.top-rated-indian-movies&ref_=fea_india_ss_toprated_tt_186,7.5
Hum Dil De Chuke Sanam,https://www.imdb.com//title/tt0150992/?pf_rd_m=A2FGELUUNOQJNL&pf_rd_p=690bec67-3bd7-45a1-9ab4-4f274a72e602&pf_rd_r=6E1CD073S5WPG79NTW0N&pf_rd_s=center-4&pf_rd_t=60601&pf_rd_i=india.top-rated-indian-movies&ref_=fea_india_ss_toprated_tt_187,7.5
Rangeela,https://www.imdb.com//title/tt0114234/?pf_rd_m=A2FGELUUNOQJNL&pf_rd_p=690bec67-3bd7-45a1-9ab4-4f274a72e602&pf_rd_r=6E1CD073S5WPG79NTW0N&pf_rd_s=center-4&pf_rd_t=60601&pf_rd_i=india.top-rated-indian-movies&ref_=fea_india_ss_toprated_tt_188,7.5
Hum Aapke Hain Koun...!,https://www.imdb.com//title/tt0110076/?pf_rd_m=A2FGELUUNOQJNL&pf_rd_p=690bec67-3bd7-45a1-9ab4-4f274a72e602&pf_rd_r=6E1CD073S5WPG79NTW0N&pf_rd_s=center-4&pf_rd_t=60601&pf_rd_i=india.top-rated-indian-movies&ref_=fea_india_ss_toprated_tt_189,7.5
Socha Na Tha,https://www.imdb.com//title/tt0451919/?pf_rd_m=A2FGELUUNOQJNL&pf_rd_p=690bec67-3bd7-45a1-9ab4-4f274a72e602&pf_rd_r=6E1CD073S5WPG79NTW0N&pf_rd_s=center-4&pf_rd_t=60601&pf_rd_i=india.top-rated-indian-movies&ref_=fea_india_ss_toprated_tt_190,7.5
Ghilli,https://www.imdb.com//title/tt0422320/?pf_rd_m=A2FGELUUNOQJNL&pf_rd_p=690bec67-3bd7-45a1-9ab4-4f274a72e602&pf_rd_r=6E1CD073S5WPG79NTW0N&pf_rd_s=center-4&pf_rd_t=60601&pf_rd_i=india.top-rated-indian-movies&ref_=fea_india_ss_toprated_tt_191,7.5
Jaane Tu... Ya Jaane Na,https://www.imdb.com//title/tt0473367/?pf_rd_m=A2FGELUUNOQJNL&pf_rd_p=690bec67-3bd7-45a1-9ab4-4f274a72e602&pf_rd_r=6E1CD073S5WPG79NTW0N&pf_rd_s=center-4&pf_rd_t=60601&pf_rd_i=india.top-rated-indian-movies&ref_=fea_india_ss_toprated_tt_192,7.5
Ghajini,https://www.imdb.com//title/tt0449951/?pf_rd_m=A2FGELUUNOQJNL&pf_rd_p=690bec67-3bd7-45a1-9ab4-4f274a72e602&pf_rd_r=6E1CD073S5WPG79NTW0N&pf_rd_s=center-4&pf_rd_t=60601&pf_rd_i=india.top-rated-indian-movies&ref_=fea_india_ss_toprated_tt_193,7.5
Madaari,https://www.imdb.com//title/tt5713232/?pf_rd_m=A2FGELUUNOQJNL&pf_rd_p=690bec67-3bd7-45a1-9ab4-4f274a72e602&pf_rd_r=6E1CD073S5WPG79NTW0N&pf_rd_s=center-4&pf_rd_t=60601&pf_rd_i=india.top-rated-indian-movies&ref_=fea_india_ss_toprated_tt_194,7.5
Dum Laga Ke Haisha,https://www.imdb.com//title/tt3495030/?pf_rd_m=A2FGELUUNOQJNL&pf_rd_p=690bec67-3bd7-45a1-9ab4-4f274a72e602&pf_rd_r=6E1CD073S5WPG79NTW0N&pf_rd_s=center-4&pf_rd_t=60601&pf_rd_i=india.top-rated-indian-movies&ref_=fea_india_ss_toprated_tt_195,7.5
Shaadi Mein Zaroor Aana,https://www.imdb.com//title/tt7469726/?pf_rd_m=A2FGELUUNOQJNL&pf_rd_p=690bec67-3bd7-45a1-9ab4-4f274a72e602&pf_rd_r=6E1CD073S5WPG79NTW0N&pf_rd_s=center-4&pf_rd_t=60601&pf_rd_i=india.top-rated-indian-movies&ref_=fea_india_ss_toprated_tt_196,7.4
October,https://www.imdb.com//title/tt7700730/?pf_rd_m=A2FGELUUNOQJNL&pf_rd_p=690bec67-3bd7-45a1-9ab4-4f274a72e602&pf_rd_r=6E1CD073S5WPG79NTW0N&pf_rd_s=center-4&pf_rd_t=60601&pf_rd_i=india.top-rated-indian-movies&ref_=fea_india_ss_toprated_tt_197,7.4
Jolly LLB,https://www.imdb.com//title/tt2621000/?pf_rd_m=A2FGELUUNOQJNL&pf_rd_p=690bec67-3bd7-45a1-9ab4-4f274a72e602&pf_rd_r=6E1CD073S5WPG79NTW0N&pf_rd_s=center-4&pf_rd_t=60601&pf_rd_i=india.top-rated-indian-movies&ref_=fea_india_ss_toprated_tt_198,7.4
Chillar Party,https://www.imdb.com//title/tt1841542/?pf_rd_m=A2FGELUUNOQJNL&pf_rd_p=690bec67-3bd7-45a1-9ab4-4f274a72e602&pf_rd_r=6E1CD073S5WPG79NTW0N&pf_rd_s=center-4&pf_rd_t=60601&pf_rd_i=india.top-rated-indian-movies&ref_=fea_india_ss_toprated_tt_199,7.4
Peepli (Live),https://www.imdb.com//title/tt1447508/?pf_rd_m=A2FGELUUNOQJNL&pf_rd_p=690bec67-3bd7-45a1-9ab4-4f274a72e602&pf_rd_r=6E1CD073S5WPG79NTW0N&pf_rd_s=center-4&pf_rd_t=60601&pf_rd_i=india.top-rated-indian-movies&ref_=fea_india_ss_toprated_tt_200,7.4
Karwaan,https://www.imdb.com//title/tt7919680/?pf_rd_m=A2FGELUUNOQJNL&pf_rd_p=690bec67-3bd7-45a1-9ab4-4f274a72e602&pf_rd_r=6E1CD073S5WPG79NTW0N&pf_rd_s=center-4&pf_rd_t=60601&pf_rd_i=india.top-rated-indian-movies&ref_=fea_india_ss_toprated_tt_201,7.4
Baghban,https://www.imdb.com//title/tt0337578/?pf_rd_m=A2FGELUUNOQJNL&pf_rd_p=690bec67-3bd7-45a1-9ab4-4f274a72e602&pf_rd_r=6E1CD073S5WPG79NTW0N&pf_rd_s=center-4&pf_rd_t=60601&pf_rd_i=india.top-rated-indian-movies&ref_=fea_india_ss_toprated_tt_202,7.4
Sivaji,https://www.imdb.com//title/tt0479751/?pf_rd_m=A2FGELUUNOQJNL&pf_rd_p=690bec67-3bd7-45a1-9ab4-4f274a72e602&pf_rd_r=6E1CD073S5WPG79NTW0N&pf_rd_s=center-4&pf_rd_t=60601&pf_rd_i=india.top-rated-indian-movies&ref_=fea_india_ss_toprated_tt_203,7.4
Hichki,https://www.imdb.com//title/tt6588966/?pf_rd_m=A2FGELUUNOQJNL&pf_rd_p=690bec67-3bd7-45a1-9ab4-4f274a72e602&pf_rd_r=6E1CD073S5WPG79NTW0N&pf_rd_s=center-4&pf_rd_t=60601&pf_rd_i=india.top-rated-indian-movies&ref_=fea_india_ss_toprated_tt_204,7.4
Bareilly Ki Barfi,https://www.imdb.com//title/tt6967980/?pf_rd_m=A2FGELUUNOQJNL&pf_rd_p=690bec67-3bd7-45a1-9ab4-4f274a72e602&pf_rd_r=6E1CD073S5WPG79NTW0N&pf_rd_s=center-4&pf_rd_t=60601&pf_rd_i=india.top-rated-indian-movies&ref_=fea_india_ss_toprated_tt_205,7.4
Badlapur,https://www.imdb.com//title/tt3678782/?pf_rd_m=A2FGELUUNOQJNL&pf_rd_p=690bec67-3bd7-45a1-9ab4-4f274a72e602&pf_rd_r=6E1CD073S5WPG79NTW0N&pf_rd_s=center-4&pf_rd_t=60601&pf_rd_i=india.top-rated-indian-movies&ref_=fea_india_ss_toprated_tt_206,7.4
Kabhi Khushi Kabhie Gham...,https://www.imdb.com//title/tt0248126/?pf_rd_m=A2FGELUUNOQJNL&pf_rd_p=690bec67-3bd7-45a1-9ab4-4f274a72e602&pf_rd_r=6E1CD073S5WPG79NTW0N&pf_rd_s=center-4&pf_rd_t=60601&pf_rd_i=india.top-rated-indian-movies&ref_=fea_india_ss_toprated_tt_207,7.4
Chachi 420,https://www.imdb.com//title/tt0233422/?pf_rd_m=A2FGELUUNOQJNL&pf_rd_p=690bec67-3bd7-45a1-9ab4-4f274a72e602&pf_rd_r=6E1CD073S5WPG79NTW0N&pf_rd_s=center-4&pf_rd_t=60601&pf_rd_i=india.top-rated-indian-movies&ref_=fea_india_ss_toprated_tt_208,7.4
Dear Zindagi,https://www.imdb.com//title/tt5946128/?pf_rd_m=A2FGELUUNOQJNL&pf_rd_p=690bec67-3bd7-45a1-9ab4-4f274a72e602&pf_rd_r=6E1CD073S5WPG79NTW0N&pf_rd_s=center-4&pf_rd_t=60601&pf_rd_i=india.top-rated-indian-movies&ref_=fea_india_ss_toprated_tt_209,7.4
Guzaarish,https://www.imdb.com//title/tt1438298/?pf_rd_m=A2FGELUUNOQJNL&pf_rd_p=690bec67-3bd7-45a1-9ab4-4f274a72e602&pf_rd_r=6E1CD073S5WPG79NTW0N&pf_rd_s=center-4&pf_rd_t=60601&pf_rd_i=india.top-rated-indian-movies&ref_=fea_india_ss_toprated_tt_210,7.4
Mankatha,https://www.imdb.com//title/tt1705772/?pf_rd_m=A2FGELUUNOQJNL&pf_rd_p=690bec67-3bd7-45a1-9ab4-4f274a72e602&pf_rd_r=6E1CD073S5WPG79NTW0N&pf_rd_s=center-4&pf_rd_t=60601&pf_rd_i=india.top-rated-indian-movies&ref_=fea_india_ss_toprated_tt_211,7.4
Once Upon a Time in Mumbaai,https://www.imdb.com//title/tt1395054/?pf_rd_m=A2FGELUUNOQJNL&pf_rd_p=690bec67-3bd7-45a1-9ab4-4f274a72e602&pf_rd_r=6E1CD073S5WPG79NTW0N&pf_rd_s=center-4&pf_rd_t=60601&pf_rd_i=india.top-rated-indian-movies&ref_=fea_india_ss_toprated_tt_212,7.4
Yuva,https://www.imdb.com//title/tt0382383/?pf_rd_m=A2FGELUUNOQJNL&pf_rd_p=690bec67-3bd7-45a1-9ab4-4f274a72e602&pf_rd_r=6E1CD073S5WPG79NTW0N&pf_rd_s=center-4&pf_rd_t=60601&pf_rd_i=india.top-rated-indian-movies&ref_=fea_india_ss_toprated_tt_213,7.4
Kaminey,https://www.imdb.com//title/tt1274295/?pf_rd_m=A2FGELUUNOQJNL&pf_rd_p=690bec67-3bd7-45a1-9ab4-4f274a72e602&pf_rd_r=6E1CD073S5WPG79NTW0N&pf_rd_s=center-4&pf_rd_t=60601&pf_rd_i=india.top-rated-indian-movies&ref_=fea_india_ss_toprated_tt_214,7.4
Golmaal: Fun Unlimited,https://www.imdb.com//title/tt0495034/?pf_rd_m=A2FGELUUNOQJNL&pf_rd_p=690bec67-3bd7-45a1-9ab4-4f274a72e602&pf_rd_r=6E1CD073S5WPG79NTW0N&pf_rd_s=center-4&pf_rd_t=60601&pf_rd_i=india.top-rated-indian-movies&ref_=fea_india_ss_toprated_tt_215,7.4
Life in a Metro,https://www.imdb.com//title/tt0800956/?pf_rd_m=A2FGELUUNOQJNL&pf_rd_p=690bec67-3bd7-45a1-9ab4-4f274a72e602&pf_rd_r=6E1CD073S5WPG79NTW0N&pf_rd_s=center-4&pf_rd_t=60601&pf_rd_i=india.top-rated-indian-movies&ref_=fea_india_ss_toprated_tt_216,7.4
Monsoon Wedding,https://www.imdb.com//title/tt0265343/?pf_rd_m=A2FGELUUNOQJNL&pf_rd_p=690bec67-3bd7-45a1-9ab4-4f274a72e602&pf_rd_r=6E1CD073S5WPG79NTW0N&pf_rd_s=center-4&pf_rd_t=60601&pf_rd_i=india.top-rated-indian-movies&ref_=fea_india_ss_toprated_tt_217,7.4
Khiladi,https://www.imdb.com//title/tt0104605/?pf_rd_m=A2FGELUUNOQJNL&pf_rd_p=690bec67-3bd7-45a1-9ab4-4f274a72e602&pf_rd_r=6E1CD073S5WPG79NTW0N&pf_rd_s=center-4&pf_rd_t=60601&pf_rd_i=india.top-rated-indian-movies&ref_=fea_india_ss_toprated_tt_218,7.3
Raid,https://www.imdb.com//title/tt7363076/?pf_rd_m=A2FGELUUNOQJNL&pf_rd_p=690bec67-3bd7-45a1-9ab4-4f274a72e602&pf_rd_r=6E1CD073S5WPG79NTW0N&pf_rd_s=center-4&pf_rd_t=60601&pf_rd_i=india.top-rated-indian-movies&ref_=fea_india_ss_toprated_tt_219,7.3
Page 3,https://www.imdb.com//title/tt0443708/?pf_rd_m=A2FGELUUNOQJNL&pf_rd_p=690bec67-3bd7-45a1-9ab4-4f274a72e602&pf_rd_r=6E1CD073S5WPG79NTW0N&pf_rd_s=center-4&pf_rd_t=60601&pf_rd_i=india.top-rated-indian-movies&ref_=fea_india_ss_toprated_tt_220,7.3
Ghulam,https://www.imdb.com//title/tt0190419/?pf_rd_m=A2FGELUUNOQJNL&pf_rd_p=690bec67-3bd7-45a1-9ab4-4f274a72e602&pf_rd_r=6E1CD073S5WPG79NTW0N&pf_rd_s=center-4&pf_rd_t=60601&pf_rd_i=india.top-rated-indian-movies&ref_=fea_india_ss_toprated_tt_221,7.3
Maine Pyar Kiya,https://www.imdb.com//title/tt0100095/?pf_rd_m=A2FGELUUNOQJNL&pf_rd_p=690bec67-3bd7-45a1-9ab4-4f274a72e602&pf_rd_r=6E1CD073S5WPG79NTW0N&pf_rd_s=center-4&pf_rd_t=60601&pf_rd_i=india.top-rated-indian-movies&ref_=fea_india_ss_toprated_tt_222,7.3
Khaleja,https://www.imdb.com//title/tt1582519/?pf_rd_m=A2FGELUUNOQJNL&pf_rd_p=690bec67-3bd7-45a1-9ab4-4f274a72e602&pf_rd_r=6E1CD073S5WPG79NTW0N&pf_rd_s=center-4&pf_rd_t=60601&pf_rd_i=india.top-rated-indian-movies&ref_=fea_india_ss_toprated_tt_223,7.3
Bharat Ane Nenu,https://www.imdb.com//title/tt6980546/?pf_rd_m=A2FGELUUNOQJNL&pf_rd_p=690bec67-3bd7-45a1-9ab4-4f274a72e602&pf_rd_r=6E1CD073S5WPG79NTW0N&pf_rd_s=center-4&pf_rd_t=60601&pf_rd_i=india.top-rated-indian-movies&ref_=fea_india_ss_toprated_tt_224,7.3
Ishqiya,https://www.imdb.com//title/tt1345777/?pf_rd_m=A2FGELUUNOQJNL&pf_rd_p=690bec67-3bd7-45a1-9ab4-4f274a72e602&pf_rd_r=6E1CD073S5WPG79NTW0N&pf_rd_s=center-4&pf_rd_t=60601&pf_rd_i=india.top-rated-indian-movies&ref_=fea_india_ss_toprated_tt_225,7.3
Ghajini,https://www.imdb.com//title/tt1166100/?pf_rd_m=A2FGELUUNOQJNL&pf_rd_p=690bec67-3bd7-45a1-9ab4-4f274a72e602&pf_rd_r=6E1CD073S5WPG79NTW0N&pf_rd_s=center-4&pf_rd_t=60601&pf_rd_i=india.top-rated-indian-movies&ref_=fea_india_ss_toprated_tt_226,7.3
Raman Raghav 2.0,https://www.imdb.com//title/tt5662932/?pf_rd_m=A2FGELUUNOQJNL&pf_rd_p=690bec67-3bd7-45a1-9ab4-4f274a72e602&pf_rd_r=6E1CD073S5WPG79NTW0N&pf_rd_s=center-4&pf_rd_t=60601&pf_rd_i=india.top-rated-indian-movies&ref_=fea_india_ss_toprated_tt_227,7.3
Lootera,https://www.imdb.com//title/tt2224317/?pf_rd_m=A2FGELUUNOQJNL&pf_rd_p=690bec67-3bd7-45a1-9ab4-4f274a72e602&pf_rd_r=6E1CD073S5WPG79NTW0N&pf_rd_s=center-4&pf_rd_t=60601&pf_rd_i=india.top-rated-indian-movies&ref_=fea_india_ss_toprated_tt_228,7.3
Srimanthudu,https://www.imdb.com//title/tt4727512/?pf_rd_m=A2FGELUUNOQJNL&pf_rd_p=690bec67-3bd7-45a1-9ab4-4f274a72e602&pf_rd_r=6E1CD073S5WPG79NTW0N&pf_rd_s=center-4&pf_rd_t=60601&pf_rd_i=india.top-rated-indian-movies&ref_=fea_india_ss_toprated_tt_229,7.3
Bhool Bhulaiyaa,https://www.imdb.com//title/tt0995031/?pf_rd_m=A2FGELUUNOQJNL&pf_rd_p=690bec67-3bd7-45a1-9ab4-4f274a72e602&pf_rd_r=6E1CD073S5WPG79NTW0N&pf_rd_s=center-4&pf_rd_t=60601&pf_rd_i=india.top-rated-indian-movies&ref_=fea_india_ss_toprated_tt_230,7.3
Gold,https://www.imdb.com//title/tt6173990/?pf_rd_m=A2FGELUUNOQJNL&pf_rd_p=690bec67-3bd7-45a1-9ab4-4f274a72e602&pf_rd_r=6E1CD073S5WPG79NTW0N&pf_rd_s=center-4&pf_rd_t=60601&pf_rd_i=india.top-rated-indian-movies&ref_=fea_india_ss_toprated_tt_231,7.3
Holiday,https://www.imdb.com//title/tt2556308/?pf_rd_m=A2FGELUUNOQJNL&pf_rd_p=690bec67-3bd7-45a1-9ab4-4f274a72e602&pf_rd_r=6E1CD073S5WPG79NTW0N&pf_rd_s=center-4&pf_rd_t=60601&pf_rd_i=india.top-rated-indian-movies&ref_=fea_india_ss_toprated_tt_232,7.3
Parineeta,https://www.imdb.com//title/tt0437407/?pf_rd_m=A2FGELUUNOQJNL&pf_rd_p=690bec67-3bd7-45a1-9ab4-4f274a72e602&pf_rd_r=6E1CD073S5WPG79NTW0N&pf_rd_s=center-4&pf_rd_t=60601&pf_rd_i=india.top-rated-indian-movies&ref_=fea_india_ss_toprated_tt_233,7.3
Ayan,https://www.imdb.com//title/tt1355546/?pf_rd_m=A2FGELUUNOQJNL&pf_rd_p=690bec67-3bd7-45a1-9ab4-4f274a72e602&pf_rd_r=6E1CD073S5WPG79NTW0N&pf_rd_s=center-4&pf_rd_t=60601&pf_rd_i=india.top-rated-indian-movies&ref_=fea_india_ss_toprated_tt_234,7.3
Mardaani,https://www.imdb.com//title/tt3495000/?pf_rd_m=A2FGELUUNOQJNL&pf_rd_p=690bec67-3bd7-45a1-9ab4-4f274a72e602&pf_rd_r=6E1CD073S5WPG79NTW0N&pf_rd_s=center-4&pf_rd_t=60601&pf_rd_i=india.top-rated-indian-movies&ref_=fea_india_ss_toprated_tt_235,7.3
Saajan,https://www.imdb.com//title/tt0102825/?pf_rd_m=A2FGELUUNOQJNL&pf_rd_p=690bec67-3bd7-45a1-9ab4-4f274a72e602&pf_rd_r=6E1CD073S5WPG79NTW0N&pf_rd_s=center-4&pf_rd_t=60601&pf_rd_i=india.top-rated-indian-movies&ref_=fea_india_ss_toprated_tt_236,7.3
Shaitan,https://www.imdb.com//title/tt1836912/?pf_rd_m=A2FGELUUNOQJNL&pf_rd_p=690bec67-3bd7-45a1-9ab4-4f274a72e602&pf_rd_r=6E1CD073S5WPG79NTW0N&pf_rd_s=center-4&pf_rd_t=60601&pf_rd_i=india.top-rated-indian-movies&ref_=fea_india_ss_toprated_tt_237,7.2
Taxi No. 9 2 11: Nau Do Gyarah,https://www.imdb.com//title/tt0476884/?pf_rd_m=A2FGELUUNOQJNL&pf_rd_p=690bec67-3bd7-45a1-9ab4-4f274a72e602&pf_rd_r=6E1CD073S5WPG79NTW0N&pf_rd_s=center-4&pf_rd_t=60601&pf_rd_i=india.top-rated-indian-movies&ref_=fea_india_ss_toprated_tt_238,7.2
Mom,https://www.imdb.com//title/tt5690142/?pf_rd_m=A2FGELUUNOQJNL&pf_rd_p=690bec67-3bd7-45a1-9ab4-4f274a72e602&pf_rd_r=6E1CD073S5WPG79NTW0N&pf_rd_s=center-4&pf_rd_t=60601&pf_rd_i=india.top-rated-indian-movies&ref_=fea_india_ss_toprated_tt_239,7.2
Shanghai,https://www.imdb.com//title/tt2072227/?pf_rd_m=A2FGELUUNOQJNL&pf_rd_p=690bec67-3bd7-45a1-9ab4-4f274a72e602&pf_rd_r=6E1CD073S5WPG79NTW0N&pf_rd_s=center-4&pf_rd_t=60601&pf_rd_i=india.top-rated-indian-movies&ref_=fea_india_ss_toprated_tt_240,7.2
Te3n,https://www.imdb.com//title/tt4814290/?pf_rd_m=A2FGELUUNOQJNL&pf_rd_p=690bec67-3bd7-45a1-9ab4-4f274a72e602&pf_rd_r=6E1CD073S5WPG79NTW0N&pf_rd_s=center-4&pf_rd_t=60601&pf_rd_i=india.top-rated-indian-movies&ref_=fea_india_ss_toprated_tt_241,7.2
No One Killed Jessica,https://www.imdb.com//title/tt1734110/?pf_rd_m=A2FGELUUNOQJNL&pf_rd_p=690bec67-3bd7-45a1-9ab4-4f274a72e602&pf_rd_r=6E1CD073S5WPG79NTW0N&pf_rd_s=center-4&pf_rd_t=60601&pf_rd_i=india.top-rated-indian-movies&ref_=fea_india_ss_toprated_tt_242,7.2
Dookudu,https://www.imdb.com//title/tt1756476/?pf_rd_m=A2FGELUUNOQJNL&pf_rd_p=690bec67-3bd7-45a1-9ab4-4f274a72e602&pf_rd_r=6E1CD073S5WPG79NTW0N&pf_rd_s=center-4&pf_rd_t=60601&pf_rd_i=india.top-rated-indian-movies&ref_=fea_india_ss_toprated_tt_243,7.2
Namastey London,https://www.imdb.com//title/tt0795434/?pf_rd_m=A2FGELUUNOQJNL&pf_rd_p=690bec67-3bd7-45a1-9ab4-4f274a72e602&pf_rd_r=6E1CD073S5WPG79NTW0N&pf_rd_s=center-4&pf_rd_t=60601&pf_rd_i=india.top-rated-indian-movies&ref_=fea_india_ss_toprated_tt_244,7.2
Tere Bin Laden,https://www.imdb.com//title/tt1629391/?pf_rd_m=A2FGELUUNOQJNL&pf_rd_p=690bec67-3bd7-45a1-9ab4-4f274a72e602&pf_rd_r=6E1CD073S5WPG79NTW0N&pf_rd_s=center-4&pf_rd_t=60601&pf_rd_i=india.top-rated-indian-movies&ref_=fea_india_ss_toprated_tt_245,7.2
Pyaar Ka Punchnama 2,https://www.imdb.com//title/tt4430136/?pf_rd_m=A2FGELUUNOQJNL&pf_rd_p=690bec67-3bd7-45a1-9ab4-4f274a72e602&pf_rd_r=6E1CD073S5WPG79NTW0N&pf_rd_s=center-4&pf_rd_t=60601&pf_rd_i=india.top-rated-indian-movies&ref_=fea_india_ss_toprated_tt_246,7.2
Band Baaja Baaraat,https://www.imdb.com//title/tt1610452/?pf_rd_m=A2FGELUUNOQJNL&pf_rd_p=690bec67-3bd7-45a1-9ab4-4f274a72e602&pf_rd_r=6E1CD073S5WPG79NTW0N&pf_rd_s=center-4&pf_rd_t=60601&pf_rd_i=india.top-rated-indian-movies&ref_=fea_india_ss_toprated_tt_247,7.2
D-Day,https://www.imdb.com//title/tt2385104/?pf_rd_m=A2FGELUUNOQJNL&pf_rd_p=690bec67-3bd7-45a1-9ab4-4f274a72e602&pf_rd_r=6E1CD073S5WPG79NTW0N&pf_rd_s=center-4&pf_rd_t=60601&pf_rd_i=india.top-rated-indian-movies&ref_=fea_india_ss_toprated_tt_248,7.2
Talaash,https://www.imdb.com//title/tt1787988/?pf_rd_m=A2FGELUUNOQJNL&pf_rd_p=690bec67-3bd7-45a1-9ab4-4f274a72e602&pf_rd_r=6E1CD073S5WPG79NTW0N&pf_rd_s=center-4&pf_rd_t=60601&pf_rd_i=india.top-rated-indian-movies&ref_=fea_india_ss_toprated_tt_249,7.2
Nannaku Prematho,https://www.imdb.com//title/tt5098128/?pf_rd_m=A2FGELUUNOQJNL&pf_rd_p=690bec67-3bd7-45a1-9ab4-4f274a72e602&pf_rd_r=6E1CD073S5WPG79NTW0N&pf_rd_s=center-4&pf_rd_t=60601&pf_rd_i=india.top-rated-indian-movies&ref_=fea_india_ss_toprated_tt_250,7.2
